{
	"credit": "Made with Blockbench",
	"texture_size": [64, 64],
	"textures": {
		"0": "Forgepack/texture_0",
		"particle": "Forgepack/texture_0"
	},
	"elements": [
		{
			"from": [6, 5.475, 5],
			"to": [11, 7.275, 12],
			"rotation": {"angle": 0, "axis": "y", "origin": [15, 15.95, 13]},
			"faces": {
				"north": {"uv": [0, 0, 1, 1], "texture": "#0"},
				"east": {"uv": [0, 0, 1, 1], "texture": "#0"},
				"south": {"uv": [0, 0, 1, 1], "texture": "#0"},
				"west": {"uv": [0, 0, 1, 1], "texture": "#0"},
				"up": {"uv": [0, 0, 1, 1], "texture": "#0"},
				"down": {"uv": [0, 0, 1, 1], "texture": "#0"}
			}
		},
		{
			"from": [7.625, 7.4, 5],
			"to": [9.25, 9.2, 7.7],
			"rotation": {"angle": 0, "axis": "y", "origin": [15, 17.875, 13]},
			"faces": {
				"north": {"uv": [7.24975, 4.75, 8.24925, 5.7495], "texture": "#0"},
				"east": {"uv": [7.24975, 4.4995, 8.24925, 5.499], "texture": "#0"},
				"south": {"uv": [7.4995, 4.75, 8.499, 5.7495], "texture": "#0"},
				"west": {"uv": [7.75, 4.75, 8.7495, 5.7495], "texture": "#0"},
				"up": {"uv": [0, 0, 1, 1], "texture": "#0"},
				"down": {"uv": [0, 0, 1, 1], "texture": "#0"}
			}
		},
		{
			"from": [7.625, 7.4, 9.3],
			"to": [9.25, 9.2, 12],
			"rotation": {"angle": 0, "axis": "y", "origin": [15, 17.875, 17.3]},
			"faces": {
				"north": {"uv": [7.4995, 3, 8.499, 3.9995], "texture": "#0"},
				"east": {"uv": [7.99975, 3, 8.999, 3.9995], "texture": "#0"},
				"south": {"uv": [7.75, 3, 8.7495, 3.9995], "texture": "#0"},
				"west": {"uv": [7.99975, 3, 8.999, 3.9995], "texture": "#0"},
				"up": {"uv": [0, 0, 1, 1], "texture": "#0"},
				"down": {"uv": [0, 0, 1, 1], "texture": "#0"}
			}
		},
		{
			"from": [10.975, 7, 5],
			"to": [11.575, 7.575, 12],
			"rotation": {"angle": 0, "axis": "y", "origin": [15.575, 15, 13]},
			"faces": {
				"north": {"uv": [0, 0, 1, 1], "texture": "#0"},
				"east": {"uv": [0.4995, 10.74975, 2.74775, 12.2455], "texture": "#0"},
				"south": {"uv": [0, 0, 1, 1], "texture": "#0"},
				"west": {"uv": [4.25, 12.49975, 6.49925, 14.247], "texture": "#0"},
				"up": {"uv": [13.9995, 10.74975, 15.9985, 15.99775], "texture": "#0"},
				"down": {"uv": [0, 0, 1, 1], "texture": "#0"}
			}
		},
		{
			"from": [10.975, 9.325, 5],
			"to": [11.575, 9.9, 12],
			"rotation": {"angle": 0, "axis": "y", "origin": [15.575, 17.325, 13]},
			"faces": {
				"north": {"uv": [0, 0, 1, 1], "texture": "#0"},
				"east": {"uv": [0, 0, 1, 1], "texture": "#0"},
				"south": {"uv": [0, 0, 1, 1], "texture": "#0"},
				"west": {"uv": [0, 0, 1, 1], "texture": "#0"},
				"up": {"uv": [0, 0, 1, 1], "texture": "#0"},
				"down": {"uv": [0, 0, 1, 1], "texture": "#0"}
			}
		},
		{
			"from": [5.4, 9.325, 5],
			"to": [6, 9.9, 12],
			"rotation": {"angle": 0, "axis": "y", "origin": [10, 17.325, 13]},
			"faces": {
				"north": {"uv": [0, 0, 1, 1], "texture": "#0"},
				"east": {"uv": [0, 0, 1, 1], "texture": "#0"},
				"south": {"uv": [0, 0, 1, 1], "texture": "#0"},
				"west": {"uv": [0, 0, 1, 1], "texture": "#0"},
				"up": {"uv": [0, 0, 1, 1], "texture": "#0"},
				"down": {"uv": [0, 0, 1, 1], "texture": "#0"}
			}
		},
		{
			"from": [5.4, 0.45, 4.475],
			"to": [11.55, 9.925, 5],
			"rotation": {"angle": 0, "axis": "y", "origin": [10, 15, 12.475]},
			"faces": {
				"north": {"uv": [13.74925, 14.9995, 15.99675, 15.74575], "texture": "#0"},
				"east": {"uv": [0, 5.99975, 2.99725, 7.247], "texture": "#0"},
				"south": {"uv": [9.5, 7.24975, 10.49875, 9.9985], "texture": "#0"},
				"west": {"uv": [0, 4.74925, 1.74675, 7.247], "texture": "#0"},
				"up": {"uv": [0, 0, 1, 1], "texture": "#0"},
				"down": {"uv": [0, 0, 1, 1], "texture": "#0"}
			}
		},
		{
			"from": [5.425, 9.925, 4.675],
			"to": [11.575, 10.25, 11.925],
			"rotation": {"angle": 0, "axis": "y", "origin": [10.025, 16.25, 12.475]},
			"faces": {
				"north": {"uv": [0, 0, 1, 1], "texture": "#0"},
				"east": {"uv": [0, 0, 1, 1], "texture": "#0"},
				"south": {"uv": [0, 0, 1, 1], "texture": "#0"},
				"west": {"uv": [0, 0, 1, 1], "texture": "#0"},
				"up": {"uv": [12.49975, 6.75, 14.74875, 9.9995], "texture": "#0"},
				"down": {"uv": [0, 0, 1, 1], "texture": "#0"}
			}
		},
		{
			"from": [5.5, 18.875, 4.675],
			"to": [11.65, 19.2, 11.925],
			"rotation": {"angle": 0, "axis": "y", "origin": [10.1, 25.2, 12.475]},
			"faces": {
				"north": {"uv": [0, 0, 1, 1], "texture": "#0"},
				"east": {"uv": [0, 0, 1, 1], "texture": "#0"},
				"south": {"uv": [0, 0, 1, 1], "texture": "#0"},
				"west": {"uv": [0, 0, 1, 1], "texture": "#0"},
				"up": {"uv": [0, 0, 1, 1], "texture": "#0"},
				"down": {"uv": [0, 0, 1, 1], "texture": "#0"}
			}
		},
		{
			"from": [5.3, 9.9, 10.9],
			"to": [5.475, 19.25, 11.925],
			"rotation": {"angle": 0, "axis": "y", "origin": [9.9, 17.275, 12.475]},
			"faces": {
				"north": {"uv": [0, 0, 1, 1], "texture": "#0"},
				"east": {"uv": [11.25, 10.49975, 13.4985, 15.99925], "texture": "#0"},
				"south": {"uv": [0, 0, 1, 1], "texture": "#0"},
				"west": {"uv": [0, 0, 1, 1], "texture": "#0"},
				"up": {"uv": [0, 0, 1, 1], "texture": "#0"},
				"down": {"uv": [0, 0, 1, 1], "texture": "#0"}
			}
		},
		{
			"from": [11.6, 9.9, 10.9],
			"to": [11.775, 19.25, 11.925],
			"rotation": {"angle": 0, "axis": "y", "origin": [16.2, 17.275, 12.475]},
			"faces": {
				"north": {"uv": [0, 0, 1, 1], "texture": "#0"},
				"east": {"uv": [0, 0, 1, 1], "texture": "#0"},
				"south": {"uv": [0, 0, 1, 1], "texture": "#0"},
				"west": {"uv": [11.25, 10.49975, 13.49675, 15.997], "texture": "#0"},
				"up": {"uv": [0, 0, 1, 1], "texture": "#0"},
				"down": {"uv": [0, 0, 1, 1], "texture": "#0"}
			}
		},
		{
			"from": [11.6, 9.9, 4.6],
			"to": [11.775, 19.25, 5.625],
			"rotation": {"angle": 0, "axis": "y", "origin": [16.2, 17.275, 6.175]},
			"faces": {
				"north": {"uv": [0, 0, 1, 1], "texture": "#0"},
				"east": {"uv": [0, 0, 1, 1], "texture": "#0"},
				"south": {"uv": [0, 0, 1, 1], "texture": "#0"},
				"west": {"uv": [0, 0, 1, 1], "texture": "#0"},
				"up": {"uv": [0, 0, 1, 1], "texture": "#0"},
				"down": {"uv": [0, 0, 1, 1], "texture": "#0"}
			}
		},
		{
			"from": [5.3, 9.9, 4.6],
			"to": [5.475, 19.25, 5.625],
			"rotation": {"angle": 0, "axis": "y", "origin": [9.9, 17.275, 6.175]},
			"faces": {
				"north": {"uv": [0, 0, 1, 1], "texture": "#0"},
				"east": {"uv": [0, 0, 1, 1], "texture": "#0"},
				"south": {"uv": [0, 0, 1, 1], "texture": "#0"},
				"west": {"uv": [0, 0, 1, 1], "texture": "#0"},
				"up": {"uv": [0, 0, 1, 1], "texture": "#0"},
				"down": {"uv": [0, 0, 1, 1], "texture": "#0"}
			}
		},
		{
			"from": [5.425, 9.925, 4.425],
			"to": [11.575, 19.225, 4.625],
			"rotation": {"angle": 0, "axis": "y", "origin": [10.025, 16.25, 5.175]},
			"faces": {
				"north": {"uv": [13.74925, 10.49975, 15.99675, 15.74525], "texture": "#0"},
				"east": {"uv": [0, 0, 1, 1], "texture": "#0"},
				"south": {"uv": [0, 0, 1, 1], "texture": "#0"},
				"west": {"uv": [0, 0, 1, 1], "texture": "#0"},
				"up": {"uv": [0, 0, 1, 1], "texture": "#0"},
				"down": {"uv": [0, 0, 1, 1], "texture": "#0"}
			}
		},
		{
			"from": [5.025, 19.325, 4.375],
			"to": [12.175, 19.65, 12.325],
			"rotation": {"angle": 0, "axis": "y", "origin": [10.1, 25.65, 14.475]},
			"faces": {
				"north": {"uv": [0, 0, 1, 1], "texture": "#0"},
				"east": {"uv": [0, 0, 1, 1], "texture": "#0"},
				"south": {"uv": [0, 0, 1, 1], "texture": "#0"},
				"west": {"uv": [0, 0, 1, 1], "texture": "#0"},
				"up": {"uv": [13.99975, 10.7495, 15.9955, 12.997], "texture": "#0"},
				"down": {"uv": [0, 0, 1, 1], "texture": "#0"}
			}
		},
		{
			"from": [5.025, 9.3, 11.925],
			"to": [12.175, 10.25, 12.325],
			"rotation": {"angle": 0, "axis": "y", "origin": [10.1, 20.625, 14.475]},
			"faces": {
				"north": {"uv": [0, 0, 1, 1], "texture": "#0"},
				"east": {"uv": [0, 0, 1, 1], "texture": "#0"},
				"south": {"uv": [1.24975, 8.75, 3.4965, 12.74725], "texture": "#0"},
				"west": {"uv": [0, 0, 1, 1], "texture": "#0"},
				"up": {"uv": [0, 0, 1, 1], "texture": "#0"},
				"down": {"uv": [0, 0, 1, 1], "texture": "#0"}
			}
		},
		{
			"from": [5.025, 13.175, 11.925],
			"to": [12.175, 19.35, 12.325],
			"rotation": {"angle": 0, "axis": "y", "origin": [10.1, 22.625, 14.475]},
			"faces": {
				"north": {"uv": [0, 0, 1, 1], "texture": "#0"},
				"east": {"uv": [0, 0, 1, 1], "texture": "#0"},
				"south": {"uv": [1.24975, 13.24875, 8.24425, 15.99475], "texture": "#0"},
				"west": {"uv": [0, 0, 1, 1], "texture": "#0"},
				"up": {"uv": [0, 0, 1, 1], "texture": "#0"},
				"down": {"uv": [0, 0, 1, 1], "texture": "#0"}
			}
		},
		{
			"from": [5.775, 14.425, 5.175],
			"to": [11.6, 16.35, 11.95],
			"rotation": {"angle": 0, "axis": "y", "origin": [10.1, 22.625, 14.1]},
			"faces": {
				"north": {"uv": [0, 0, 1, 1], "texture": "#0"},
				"east": {"uv": [0, 0, 1, 1], "texture": "#0"},
				"south": {"uv": [0, 0, 1, 1], "texture": "#0"},
				"west": {"uv": [0, 0, 1, 1], "texture": "#0"},
				"up": {"uv": [6.75, 0, 9.24925, 2.7495], "texture": "#0"},
				"down": {"uv": [12.99975, 8.49975, 14.24875, 9.49775], "texture": "#0"}
			}
		},
		{
			"from": [4.95, 9.3, 4.475],
			"to": [5.3, 14.625, 11.925],
			"rotation": {"angle": 0, "axis": "y", "origin": [3.1, 20.625, 14.075]},
			"faces": {
				"north": {"uv": [0, 0, 1, 1], "texture": "#0"},
				"east": {"uv": [1.24975, 9, 3.49575, 11.747], "texture": "#0"},
				"south": {"uv": [0, 0, 1, 1], "texture": "#0"},
				"west": {"uv": [0, 0, 3.99825, 4.99775], "texture": "#0"},
				"up": {"uv": [0, 0, 1, 1], "texture": "#0"},
				"down": {"uv": [0, 0, 1, 1], "texture": "#0"}
			}
		},
		{
			"from": [11.8, 9.3, 4.475],
			"to": [12.15, 14.625, 11.925],
			"rotation": {"angle": 0, "axis": "y", "origin": [10.075, 20.625, 14.075]},
			"faces": {
				"north": {"uv": [0, 0, 1, 1], "texture": "#0"},
				"east": {"uv": [0, 0, 3.49725, 4.747], "texture": "#0"},
				"south": {"uv": [0, 0, 1, 1], "texture": "#0"},
				"west": {"uv": [1.24975, 9, 3.4965, 11.49775], "texture": "#0"},
				"up": {"uv": [0, 0, 1, 1], "texture": "#0"},
				"down": {"uv": [0, 0, 1, 1], "texture": "#0"}
			}
		},
		{
			"from": [5, 0, 5],
			"to": [6, 7, 12],
			"rotation": {"angle": 0, "axis": "y", "origin": [13, 8, 13]},
			"faces": {
				"north": {"uv": [6.75, 13.25, 8.74925, 15.99775], "texture": "#0"},
				"east": {"uv": [7.99975, 6.24975, 11.998, 9.99725], "texture": "#0"},
				"south": {"uv": [13.74925, 12.74975, 15.7485, 15.99925], "texture": "#0"},
				"west": {"uv": [0.24975, 7.75, 7.9945, 15.9985], "texture": "#0"},
				"up": {"uv": [6.75, 14.99975, 7.74875, 15.9985], "texture": "#0"},
				"down": {"uv": [9.4995, 7.4995, 10.499, 8.499], "texture": "#0"}
			}
		},
		{
			"from": [11, 0, 5],
			"to": [12, 7, 12],
			"rotation": {"angle": 0, "axis": "y", "origin": [19, 8, 13]},
			"faces": {
				"north": {"uv": [0.4995, 13.25, 7.49875, 15.99775], "texture": "#0"},
				"east": {"uv": [0, 2.2495, 5.24725, 7.49575], "texture": "#0"},
				"south": {"uv": [13.74925, 12.74975, 15.7485, 15.99925], "texture": "#0"},
				"west": {"uv": [7.99975, 6.24975, 11.997, 9.998], "texture": "#0"},
				"up": {"uv": [5.2495, 14.4995, 6.24825, 15.49825], "texture": "#0"},
				"down": {"uv": [9.4995, 7.4995, 10.499, 8.499], "texture": "#0"}
			}
		},
		{
			"from": [6, 0, 5],
			"to": [11, 1, 12],
			"rotation": {"angle": 0, "axis": "y", "origin": [15, 8, 13]},
			"faces": {
				"north": {"uv": [0, 0, 1, 1], "texture": "#0"},
				"east": {"uv": [0, 0, 1, 1], "texture": "#0"},
				"south": {"uv": [0, 0, 1, 1], "texture": "#0"},
				"west": {"uv": [0, 0, 1, 1], "texture": "#0"},
				"up": {"uv": [0, 0, 1, 1], "texture": "#0"},
				"down": {"uv": [1.24975, 8.75, 3.499, 11.24975], "texture": "#0"}
			}
		},
		{
			"from": [5.025, 0.425, 12.025],
			"to": [12.175, 2.4, 12.325],
			"rotation": {"angle": 0, "axis": "y", "origin": [10.1, 11.75, 14.475]},
			"faces": {
				"north": {"uv": [0, 0, 1, 1], "texture": "#0"},
				"east": {"uv": [0, 0, 1, 1], "texture": "#0"},
				"south": {"uv": [1.24975, 7.7495, 3.49725, 10.49825], "texture": "#0"},
				"west": {"uv": [0, 0, 1, 1], "texture": "#0"},
				"up": {"uv": [0, 0, 1, 1], "texture": "#0"},
				"down": {"uv": [0, 0, 1, 1], "texture": "#0"}
			}
		},
		{
			"name": "fire1",
			"from": [6.225, 3.425, 12.225],
			"to": [11.15, 5.4, 12.525],
			"rotation": {"angle": 0, "axis": "y", "origin": [10.1, 14.75, 14.675]},
			"faces": {
				"north": {"uv": [0, 0, 1, 1], "texture": "#0"},
				"east": {"uv": [0, 0, 1, 1], "texture": "#0"},
				"south": {"uv": [4.75, 0, 10.99675, 1.74875], "texture": "#0"},
				"west": {"uv": [0, 0, 1, 1], "texture": "#0"},
				"up": {"uv": [0, 0, 1, 1], "texture": "#0"},
				"down": {"uv": [0, 0, 1, 1], "texture": "#0"}
			}
		},
		{
			"name": "fire2",
			"from": [6.225, 3.425, 8.325],
			"to": [10.875, 5.4, 8.625],
			"rotation": {"angle": 0, "axis": "y", "origin": [10.1, 14.75, 10.775]},
			"faces": {
				"north": {"uv": [0, 0, 1, 1], "texture": "#0"},
				"east": {"uv": [0, 0, 1, 1], "texture": "#0"},
				"south": {"uv": [0, 0, 1, 1], "texture": "#0"},
				"west": {"uv": [0, 0, 1, 1], "texture": "#0"},
				"up": {"uv": [0, 0, 1, 1], "texture": "#0"},
				"down": {"uv": [0, 0, 1, 1], "texture": "#0"}
			}
		},
		{
			"name": "fire3",
			"from": [6.225, 3.425, 8.725],
			"to": [6.475, 5.4, 12.225],
			"rotation": {"angle": 0, "axis": "y", "origin": [10.1, 14.75, 12.775]},
			"faces": {
				"north": {"uv": [0, 0, 1, 1], "texture": "#0"},
				"east": {"uv": [0, 0, 1, 1], "texture": "#0"},
				"south": {"uv": [0, 0, 1, 1], "texture": "#0"},
				"west": {"uv": [0, 0, 1, 1], "texture": "#0"},
				"up": {"uv": [0, 0, 1, 1], "texture": "#0"},
				"down": {"uv": [0, 0, 1, 1], "texture": "#0"}
			}
		},
		{
			"name": "fire4",
			"from": [10.825, 3.425, 8.725],
			"to": [11.075, 5.4, 12.15],
			"rotation": {"angle": 0, "axis": "y", "origin": [14.7, 14.75, 12.775]},
			"faces": {
				"north": {"uv": [0, 0, 1, 1], "texture": "#0"},
				"east": {"uv": [0, 0, 1, 1], "texture": "#0"},
				"south": {"uv": [0, 0, 1, 1], "texture": "#0"},
				"west": {"uv": [0, 0, 1, 1], "texture": "#0"},
				"up": {"uv": [0, 0, 1, 1], "texture": "#0"},
				"down": {"uv": [0, 0, 1, 1], "texture": "#0"}
			}
		},
		{
			"from": [5.925, 2.05, 9.35],
			"to": [10.95, 2.4, 9.65],
			"rotation": {"angle": 0, "axis": "y", "origin": [10.1, 11.75, 11.8]},
			"faces": {
				"north": {"uv": [0, 0, 1, 1], "texture": "#0"},
				"east": {"uv": [0, 0, 1, 1], "texture": "#0"},
				"south": {"uv": [12.49975, 6.99925, 14.49875, 9.74875], "texture": "#0"},
				"west": {"uv": [0, 0, 1, 1], "texture": "#0"},
				"up": {"uv": [0, 0, 1, 1], "texture": "#0"},
				"down": {"uv": [0, 0, 1, 1], "texture": "#0"}
			}
		},
		{
			"from": [5.925, 2.05, 10.375],
			"to": [10.95, 2.4, 10.675],
			"rotation": {"angle": 0, "axis": "y", "origin": [10.1, 11.75, 12.825]},
			"faces": {
				"north": {"uv": [0, 0, 1, 1], "texture": "#0"},
				"east": {"uv": [0, 0, 1, 1], "texture": "#0"},
				"south": {"uv": [0, 0, 1, 1], "texture": "#0"},
				"west": {"uv": [0, 0, 1, 1], "texture": "#0"},
				"up": {"uv": [0, 0, 1, 1], "texture": "#0"},
				"down": {"uv": [0, 0, 1, 1], "texture": "#0"}
			}
		},
		{
			"from": [5.925, 2.05, 11.125],
			"to": [10.95, 2.4, 11.425],
			"rotation": {"angle": 0, "axis": "y", "origin": [10.1, 11.75, 13.575]},
			"faces": {
				"north": {"uv": [0, 0, 1, 1], "texture": "#0"},
				"east": {"uv": [0, 0, 1, 1], "texture": "#0"},
				"south": {"uv": [12.49975, 6.99925, 14.49875, 9.74875], "texture": "#0"},
				"west": {"uv": [0, 0, 1, 1], "texture": "#0"},
				"up": {"uv": [0, 0, 1, 1], "texture": "#0"},
				"down": {"uv": [0, 0, 1, 1], "texture": "#0"}
			}
		},
		{
			"from": [5.925, 2.05, 8.45],
			"to": [10.95, 2.4, 8.75],
			"rotation": {"angle": 0, "axis": "y", "origin": [10.1, 11.75, 10.9]},
			"faces": {
				"north": {"uv": [0, 0, 1, 1], "texture": "#0"},
				"east": {"uv": [0, 0, 1, 1], "texture": "#0"},
				"south": {"uv": [12.49975, 6.99925, 14.49875, 9.74875], "texture": "#0"},
				"west": {"uv": [0, 0, 1, 1], "texture": "#0"},
				"up": {"uv": [0, 0, 1, 1], "texture": "#0"},
				"down": {"uv": [0, 0, 1, 1], "texture": "#0"}
			}
		},
		{
			"from": [5.925, 2.05, 7.35],
			"to": [10.95, 2.4, 7.65],
			"rotation": {"angle": 0, "axis": "y", "origin": [10.1, 11.75, 9.8]},
			"faces": {
				"north": {"uv": [0, 0, 1, 1], "texture": "#0"},
				"east": {"uv": [0, 0, 1, 1], "texture": "#0"},
				"south": {"uv": [0, 0, 1, 1], "texture": "#0"},
				"west": {"uv": [0, 0, 1, 1], "texture": "#0"},
				"up": {"uv": [0, 0, 1, 1], "texture": "#0"},
				"down": {"uv": [0, 0, 1, 1], "texture": "#0"}
			}
		},
		{
			"from": [5.925, 2.05, 6.425],
			"to": [10.95, 2.4, 6.725],
			"rotation": {"angle": 0, "axis": "y", "origin": [10.1, 11.75, 8.875]},
			"faces": {
				"north": {"uv": [0, 0, 1, 1], "texture": "#0"},
				"east": {"uv": [0, 0, 1, 1], "texture": "#0"},
				"south": {"uv": [0, 0, 1, 1], "texture": "#0"},
				"west": {"uv": [0, 0, 1, 1], "texture": "#0"},
				"up": {"uv": [0, 0, 1, 1], "texture": "#0"},
				"down": {"uv": [0, 0, 1, 1], "texture": "#0"}
			}
		},
		{
			"from": [5.45, 5.425, 12.025],
			"to": [11.6, 7.4, 12.325],
			"rotation": {"angle": 0, "axis": "y", "origin": [10.1, 16.75, 14.475]},
			"faces": {
				"north": {"uv": [0, 0, 1, 1], "texture": "#0"},
				"east": {"uv": [11.24925, 14.4995, 13.49775, 15.996], "texture": "#0"},
				"south": {"uv": [4.5, 8.24975, 8.249, 13.49925], "texture": "#0"},
				"west": {"uv": [11.25, 14.4995, 13.49925, 15.9985], "texture": "#0"},
				"up": {"uv": [0, 0, 1, 1], "texture": "#0"},
				"down": {"uv": [0, 0, 1, 1], "texture": "#0"}
			}
		},
		{
			"from": [5.4, 7, 5],
			"to": [6, 7.575, 12],
			"rotation": {"angle": 0, "axis": "y", "origin": [10, 15, 13]},
			"faces": {
				"north": {"uv": [11.49925, 11.9995, 13.7485, 15.9985], "texture": "#0"},
				"east": {"uv": [11.24925, 10.749, 13.49775, 15.9945], "texture": "#0"},
				"south": {"uv": [11.49925, 12.74975, 13.24825, 15.99925], "texture": "#0"},
				"west": {"uv": [0.7495, 10.49975, 2.99875, 12.2465], "texture": "#0"},
				"up": {"uv": [13.9995, 10.24975, 15.9985, 15.4975], "texture": "#0"},
				"down": {"uv": [0, 0, 1, 1], "texture": "#0"}
			}
		},
		{
			"from": [4.65, 10.275, 5.7],
			"to": [5, 19.575, 6],
			"rotation": {"angle": 0, "axis": "y", "origin": [9.3, 21.6, 8.15]},
			"faces": {
				"north": {"uv": [9, 6.99925, 10.248, 8.4975], "texture": "#0"},
				"east": {"uv": [9.24925, 6.99925, 10.2465, 8.7435], "texture": "#0"},
				"south": {"uv": [9, 6.5, 10.74825, 9.74875], "texture": "#0"},
				"west": {"uv": [9, 6.75, 11.24925, 9.49775], "texture": "#0"},
				"up": {"uv": [8.49975, 7.4995, 10.499, 8.7475], "texture": "#0"},
				"down": {"uv": [8.75, 6.99925, 10.749, 9.2485], "texture": "#0"}
			}
		},
		{
			"from": [4.65, 10.275, 7.125],
			"to": [5, 19.575, 7.425],
			"rotation": {"angle": 0, "axis": "y", "origin": [9.3, 21.6, 9.575]},
			"faces": {
				"north": {"uv": [9, 6.99925, 10.248, 8.4975], "texture": "#0"},
				"east": {"uv": [9.24925, 6.99925, 10.2465, 8.7435], "texture": "#0"},
				"south": {"uv": [9, 6.5, 10.74825, 9.74875], "texture": "#0"},
				"west": {"uv": [9, 6.75, 11.24925, 9.49775], "texture": "#0"},
				"up": {"uv": [8.49975, 7.4995, 10.499, 8.7475], "texture": "#0"},
				"down": {"uv": [8.75, 6.99925, 10.749, 9.2485], "texture": "#0"}
			}
		},
		{
			"from": [4.65, 10.275, 6.375],
			"to": [5, 19.575, 6.675],
			"rotation": {"angle": 0, "axis": "y", "origin": [9.3, 21.6, 8.825]},
			"faces": {
				"north": {"uv": [9, 6.99925, 10.248, 8.4975], "texture": "#0"},
				"east": {"uv": [9.24925, 6.99925, 10.2465, 8.7435], "texture": "#0"},
				"south": {"uv": [9, 6.5, 10.74825, 9.74875], "texture": "#0"},
				"west": {"uv": [9, 6.75, 11.24925, 9.49775], "texture": "#0"},
				"up": {"uv": [8.49975, 7.4995, 10.499, 8.7475], "texture": "#0"},
				"down": {"uv": [8.75, 6.99925, 10.749, 9.2485], "texture": "#0"}
			}
		},
		{
			"from": [4.65, 10.275, 8.65],
			"to": [5, 19.575, 8.95],
			"rotation": {"angle": 0, "axis": "y", "origin": [9.3, 21.6, 11.1]},
			"faces": {
				"north": {"uv": [9, 6.99925, 10.248, 8.4975], "texture": "#0"},
				"east": {"uv": [9.24925, 6.99925, 10.2465, 8.7435], "texture": "#0"},
				"south": {"uv": [9, 6.5, 10.74825, 9.74875], "texture": "#0"},
				"west": {"uv": [9, 6.75, 11.24925, 9.49775], "texture": "#0"},
				"up": {"uv": [8.49975, 7.4995, 10.499, 8.7475], "texture": "#0"},
				"down": {"uv": [8.75, 6.99925, 10.749, 9.2485], "texture": "#0"}
			}
		},
		{
			"from": [4.65, 10.275, 7.85],
			"to": [5, 19.575, 8.15],
			"rotation": {"angle": 0, "axis": "y", "origin": [9.3, 21.6, 10.3]},
			"faces": {
				"north": {"uv": [9, 6.99925, 10.248, 8.4975], "texture": "#0"},
				"east": {"uv": [9.24925, 6.99925, 10.2465, 8.7435], "texture": "#0"},
				"south": {"uv": [9, 6.5, 10.74825, 9.74875], "texture": "#0"},
				"west": {"uv": [9, 6.75, 11.24925, 9.49775], "texture": "#0"},
				"up": {"uv": [8.49975, 7.4995, 10.499, 8.7475], "texture": "#0"},
				"down": {"uv": [8.75, 6.99925, 10.749, 9.2485], "texture": "#0"}
			}
		},
		{
			"from": [4.65, 10.275, 9.375],
			"to": [5, 19.575, 9.675],
			"rotation": {"angle": 0, "axis": "y", "origin": [9.3, 21.6, 11.825]},
			"faces": {
				"north": {"uv": [9, 6.99925, 10.248, 8.4975], "texture": "#0"},
				"east": {"uv": [9.24925, 6.99925, 10.2465, 8.7435], "texture": "#0"},
				"south": {"uv": [9, 6.5, 10.74825, 9.74875], "texture": "#0"},
				"west": {"uv": [9, 6.75, 11.24925, 9.49775], "texture": "#0"},
				"up": {"uv": [8.49975, 7.4995, 10.499, 8.7475], "texture": "#0"},
				"down": {"uv": [8.75, 6.99925, 10.749, 9.2485], "texture": "#0"}
			}
		},
		{
			"from": [4.65, 10.275, 10.175],
			"to": [5, 19.575, 10.475],
			"rotation": {"angle": 0, "axis": "y", "origin": [9.3, 21.6, 12.625]},
			"faces": {
				"north": {"uv": [9, 6.99925, 10.248, 8.4975], "texture": "#0"},
				"east": {"uv": [9.24925, 6.99925, 10.2465, 8.7435], "texture": "#0"},
				"south": {"uv": [9, 6.5, 10.74825, 9.74875], "texture": "#0"},
				"west": {"uv": [9, 6.75, 11.24925, 9.49775], "texture": "#0"},
				"up": {"uv": [8.49975, 7.4995, 10.499, 8.7475], "texture": "#0"},
				"down": {"uv": [8.75, 6.99925, 10.749, 9.2485], "texture": "#0"}
			}
		},
		{
			"from": [4.65, 10.275, 10.85],
			"to": [5, 19.575, 11.15],
			"rotation": {"angle": 0, "axis": "y", "origin": [9.3, 21.6, 13.3]},
			"faces": {
				"north": {"uv": [9, 6.99925, 10.248, 8.4975], "texture": "#0"},
				"east": {"uv": [9.24925, 6.99925, 10.2465, 8.7435], "texture": "#0"},
				"south": {"uv": [9, 6.5, 10.74825, 9.74875], "texture": "#0"},
				"west": {"uv": [9, 6.75, 11.24925, 9.49775], "texture": "#0"},
				"up": {"uv": [8.49975, 7.4995, 10.499, 8.7475], "texture": "#0"},
				"down": {"uv": [8.75, 6.99925, 10.749, 9.2485], "texture": "#0"}
			}
		},
		{
			"from": [12.175, 10.275, 10.85],
			"to": [12.525, 19.575, 11.15],
			"rotation": {"angle": 0, "axis": "y", "origin": [16.825, 21.6, 13.3]},
			"faces": {
				"north": {"uv": [9, 6.99925, 10.248, 8.4975], "texture": "#0"},
				"east": {"uv": [9.24925, 6.99925, 10.745, 8.742], "texture": "#0"},
				"south": {"uv": [9, 6.5, 10.74825, 9.74875], "texture": "#0"},
				"west": {"uv": [9, 6.75, 11.24925, 9.49775], "texture": "#0"},
				"up": {"uv": [8.49975, 7.4995, 10.499, 8.7475], "texture": "#0"},
				"down": {"uv": [8.75, 6.99925, 10.749, 9.2485], "texture": "#0"}
			}
		},
		{
			"from": [12.175, 10.275, 10.175],
			"to": [12.525, 19.575, 10.475],
			"rotation": {"angle": 0, "axis": "y", "origin": [16.825, 21.6, 12.625]},
			"faces": {
				"north": {"uv": [9, 6.99925, 10.248, 8.4975], "texture": "#0"},
				"east": {"uv": [9.24925, 6.99925, 10.2465, 8.7435], "texture": "#0"},
				"south": {"uv": [9, 6.5, 10.74825, 9.74875], "texture": "#0"},
				"west": {"uv": [9, 6.75, 11.24925, 9.49775], "texture": "#0"},
				"up": {"uv": [8.49975, 7.4995, 10.499, 8.7475], "texture": "#0"},
				"down": {"uv": [8.75, 6.99925, 10.749, 9.2485], "texture": "#0"}
			}
		},
		{
			"from": [12.175, 10.275, 9.375],
			"to": [12.525, 19.575, 9.675],
			"rotation": {"angle": 0, "axis": "y", "origin": [16.825, 21.6, 11.825]},
			"faces": {
				"north": {"uv": [9, 6.99925, 10.248, 8.4975], "texture": "#0"},
				"east": {"uv": [9.24925, 6.99925, 10.2465, 8.7435], "texture": "#0"},
				"south": {"uv": [9, 6.5, 10.74825, 9.74875], "texture": "#0"},
				"west": {"uv": [9, 6.75, 11.24925, 9.49775], "texture": "#0"},
				"up": {"uv": [8.49975, 7.4995, 10.499, 8.7475], "texture": "#0"},
				"down": {"uv": [8.75, 6.99925, 10.749, 9.2485], "texture": "#0"}
			}
		},
		{
			"from": [12.175, 10.275, 8.65],
			"to": [12.525, 19.575, 8.95],
			"rotation": {"angle": 0, "axis": "y", "origin": [16.825, 21.6, 11.1]},
			"faces": {
				"north": {"uv": [9, 6.99925, 10.248, 8.4975], "texture": "#0"},
				"east": {"uv": [9.24925, 6.99925, 10.2465, 8.7435], "texture": "#0"},
				"south": {"uv": [9, 6.5, 10.74825, 9.74875], "texture": "#0"},
				"west": {"uv": [9, 6.75, 11.24925, 9.49775], "texture": "#0"},
				"up": {"uv": [8.49975, 7.4995, 10.499, 8.7475], "texture": "#0"},
				"down": {"uv": [8.75, 6.99925, 10.749, 9.2485], "texture": "#0"}
			}
		},
		{
			"from": [12.175, 10.275, 7.85],
			"to": [12.525, 19.575, 8.15],
			"rotation": {"angle": 0, "axis": "y", "origin": [16.825, 21.6, 10.3]},
			"faces": {
				"north": {"uv": [9, 6.99925, 10.248, 8.4975], "texture": "#0"},
				"east": {"uv": [9.24925, 6.99925, 10.2465, 8.7435], "texture": "#0"},
				"south": {"uv": [9, 6.5, 10.74825, 9.74875], "texture": "#0"},
				"west": {"uv": [9, 6.75, 11.24925, 9.49775], "texture": "#0"},
				"up": {"uv": [8.49975, 7.4995, 10.499, 8.7475], "texture": "#0"},
				"down": {"uv": [8.75, 6.99925, 10.749, 9.2485], "texture": "#0"}
			}
		},
		{
			"from": [12.175, 10.275, 7.125],
			"to": [12.525, 19.575, 7.425],
			"rotation": {"angle": 0, "axis": "y", "origin": [16.825, 21.6, 9.575]},
			"faces": {
				"north": {"uv": [9, 6.99925, 10.248, 8.4975], "texture": "#0"},
				"east": {"uv": [9.24925, 6.99925, 10.2465, 8.7435], "texture": "#0"},
				"south": {"uv": [9, 6.5, 10.74825, 9.74875], "texture": "#0"},
				"west": {"uv": [9, 6.75, 11.24925, 9.49775], "texture": "#0"},
				"up": {"uv": [8.49975, 7.4995, 10.499, 8.7475], "texture": "#0"},
				"down": {"uv": [8.75, 6.99925, 10.749, 9.2485], "texture": "#0"}
			}
		},
		{
			"from": [12.175, 10.275, 6.375],
			"to": [12.525, 19.575, 6.675],
			"rotation": {"angle": 0, "axis": "y", "origin": [16.825, 21.6, 8.825]},
			"faces": {
				"north": {"uv": [9, 6.99925, 10.248, 8.4975], "texture": "#0"},
				"east": {"uv": [9.24925, 6.99925, 10.2465, 8.7435], "texture": "#0"},
				"south": {"uv": [9, 6.5, 10.74825, 9.74875], "texture": "#0"},
				"west": {"uv": [9, 6.75, 11.24925, 9.49775], "texture": "#0"},
				"up": {"uv": [8.49975, 7.4995, 10.499, 8.7475], "texture": "#0"},
				"down": {"uv": [8.75, 6.99925, 10.749, 9.2485], "texture": "#0"}
			}
		},
		{
			"from": [12.175, 10.275, 5.7],
			"to": [12.525, 19.575, 6],
			"rotation": {"angle": 0, "axis": "y", "origin": [16.825, 21.6, 8.15]},
			"faces": {
				"north": {"uv": [9, 6.99925, 10.248, 8.4975], "texture": "#0"},
				"east": {"uv": [9.24925, 6.99925, 10.2465, 8.7435], "texture": "#0"},
				"south": {"uv": [9, 6.5, 10.74825, 9.74875], "texture": "#0"},
				"west": {"uv": [9, 6.75, 11.24925, 9.49775], "texture": "#0"},
				"up": {"uv": [8.49975, 7.4995, 10.499, 8.7475], "texture": "#0"},
				"down": {"uv": [8.75, 6.99925, 10.749, 9.2485], "texture": "#0"}
			}
		},
		{
			"from": [5.975, 10.275, 5.6],
			"to": [11, 11.275, 10.875],
			"rotation": {"angle": 0, "axis": "y", "origin": [8, 18.275, 16.125]},
			"faces": {
				"north": {"uv": [5.2495, 0.24925, 10.49825, 5.74725], "texture": "#0"},
				"east": {"uv": [6.99925, 2.49925, 11.2485, 3.7475], "texture": "#0"},
				"south": {"uv": [4.9995, 3.2495, 11.24675, 5.7465], "texture": "#0"},
				"west": {"uv": [4, 2.7495, 7.24875, 4.2475], "texture": "#0"},
				"up": {"uv": [4.9995, 0.24925, 10.996, 3.9975], "texture": "#0"},
				"down": {"uv": [0, 0, 1, 1], "texture": "#0"}
			}
		}
	],
	"display": {
		"thirdperson_righthand": {
			"scale": [1.39, 1.81, 1.31]
		}
	},
	"groups": [
		{
			"name": "group",
			"origin": [10.1, 27.675, 14.475],
			"children": [0, 1, 2, 3, 4, 5, 6, 7, 8, 9, 10, 11, 12, 13, 14, 15, 16, 17, 18, 19,
				{
					"name": "group",
					"origin": [9.3, 21.6, 8.15],
					"children": [20, 21, 22, 23, 24, 25, 26, 27, 28, 29, 30, 31, 32, 33, 34, 35,
						{
							"name": "group",
							"origin": [16.825, 21.6, 8.15],
							"children": [36, 37, 38, 39, 40, 41, 42, 43, 44, 45, 46, 47, 48, 49, 50, 51]
						}
					]
				}, 52]
		}
	]
}