{
	"parent": "item/generated",
	"textures": {
		"layer0": "item/blaze_powder"
	},
	"overrides": [
		{ "predicate": { "custom_model_data": 1}, "model": "item/blaze_powder/common_essence" },
		{ "predicate": { "custom_model_data": 2}, "model": "item/blaze_powder/uncommon_essence" },
		{ "predicate": { "custom_model_data": 3}, "model": "item/blaze_powder/rare_essence" },

		{ "predicate": { "custom_model_data": 4}, "model": "item/blaze_powder/very_rare_essence" },
		{ "predicate": { "custom_model_data": 5}, "model": "item/blaze_powder/epic_essence" },
		{ "predicate": { "custom_model_data": 6}, "model": "item/blaze_powder/legendary_essence" },
		{ "predicate": { "custom_model_data": 7}, "model": "item/blaze_powder/green_essence" },
		{ "predicate": { "custom_model_data": 8}, "model": "item/blaze_powder/red_essence" },
		{ "predicate": { "custom_model_data": 9}, "model": "item/blaze_powder/blue_essence" },
		{ "predicate": { "custom_model_data": 10}, "model": "item/blaze_powder/light_blue_chunk_3" },

		{ "predicate": { "custom_model_data": 11}, "model": "item/blaze_powder/orb_blue" },
		{ "predicate": { "custom_model_data": 12}, "model": "item/blaze_powder/orb_orange" },
		{ "predicate": { "custom_model_data": 13}, "model": "item/blaze_powder/orb_purple" },
		{ "predicate": { "custom_model_data": 14}, "model": "item/blaze_powder/orb_green" },
		{ "predicate": { "custom_model_data": 15}, "model": "item/blaze_powder/orb_yellow" },
		{ "predicate": { "custom_model_data": 16}, "model": "item/blaze_powder/orb_red" },
		{"predicate": {"custom_model_data": 17}, "model": "item/blaze_powder/orb_pink"},
        {"predicate": {"custom_model_data": 18}, "model": "item/blaze_powder/orb_teal"},
        {"predicate": {"custom_model_data": 19}, "model": "item/blaze_powder/orb_grey"},

		{"predicate": {"custom_model_data": 20}, "model": "item/blaze_powder/orb_teal_a"},
		{"predicate": {"custom_model_data": 21}, "model": "item/blaze_powder/orb_green_a"},
		{"predicate": {"custom_model_data": 22}, "model": "item/blaze_powder/green_tear_3"},
		{"predicate": {"custom_model_data": 23}, "model": "item/blaze_powder/green_tear_4"},
		{"predicate": {"custom_model_data": 24}, "model": "item/blaze_powder/green_tear_5"},

		{"predicate": {"custom_model_data": 25}, "model": "item/blaze_powder/green_nuggets"},
		{"predicate": {"custom_model_data": 26}, "model": "item/blaze_powder/green_nuggets_2"},
		{"predicate": {"custom_model_data": 27}, "model": "item/blaze_powder/green_nuggets_3"},
		{"predicate": {"custom_model_data": 28}, "model": "item/blaze_powder/green_nuggets_4"},

		{"predicate": {"custom_model_data": 29}, "model": "item/blaze_powder/n_g_tear"},
		{"predicate": {"custom_model_data": 30}, "model": "item/blaze_powder/n_lg_tear"},
		{"predicate": {"custom_model_data": 31}, "model": "item/blaze_powder/n_lg_tear_2"},
		{"predicate": {"custom_model_data": 32}, "model": "item/blaze_powder/n_lg_tear_3"},
		{"predicate": {"custom_model_data": 33}, "model": "item/blaze_powder/n_lg_tear_4"},

		{"predicate": {"custom_model_data": 34}, "model": "item/blaze_powder/light_green_chunks"},
		{"predicate": {"custom_model_data": 35}, "model": "item/blaze_powder/light_green_chunks_2"},
		{"predicate": {"custom_model_data": 36}, "model": "item/blaze_powder/light_green_chunks_3"}

		

		]
}