{
	"parent": "item/handheld",
	"textures": {
		"layer0": "item/carrot_on_a_stick"
	},
	"overrides": [
		{ "predicate": { "custom_model_data": 1}, "model": "item/carrot_on_a_stick/staff_1" },
		{ "predicate": { "custom_model_data": 2}, "model": "item/carrot_on_a_stick/staff_2" },
		{ "predicate": { "custom_model_data": 3}, "model": "item/carrot_on_a_stick/staff_3" },
		{ "predicate": { "custom_model_data": 4}, "model": "item/carrot_on_a_stick/staff_4" },
		{ "predicate": { "custom_model_data": 5}, "model": "item/carrot_on_a_stick/staff_5" },
		{ "predicate": { "custom_model_data": 6}, "model": "item/carrot_on_a_stick/staff_6" },
		{ "predicate": { "custom_model_data": 7}, "model": "item/carrot_on_a_stick/steel_staff" },
		{ "predicate": { "custom_model_data": 8}, "model": "item/carrot_on_a_stick/steel_staff_2" },
		{ "predicate": { "custom_model_data": 9}, "model": "item/carrot_on_a_stick/steel_staff_3" },
		{ "predicate": { "custom_model_data": 10}, "model": "item/carrot_on_a_stick/bronze_staff" },
		{ "predicate": { "custom_model_data": 11}, "model": "item/carrot_on_a_stick/bronze_staff_2" },
		{ "predicate": { "custom_model_data": 12}, "model": "item/carrot_on_a_stick/bronze_staff_3" },
		{ "predicate": { "custom_model_data": 13}, "model": "item/carrot_on_a_stick/bronze_staff_4" }
	]
}
