{
  "parent":"item/handheld",
  "textures":{
     "layer0":"item/diamond_sword"
  },
    "overrides": [
    { "predicate": { "custom_model_data": 1}, "model": "item/netherite_sword/sword_1" },
        {"predicate": {"custom_model_data": 2}, "model": "item/netherite_sword/sword_2"},
        {"predicate": {"custom_model_data": 3}, "model": "item/netherite_sword/steel_sword_3"},
        {"predicate": {"custom_model_data": 4}, "model": "item/netherite_sword/copper_sword"},
        {"predicate": {"custom_model_data": 5}, "model": "item/netherite_sword/copper_sword_2"},
        {"predicate": {"custom_model_data": 6}, "model": "item/netherite_sword/copper_sword_3"},
        {"predicate": {"custom_model_data": 7}, "model": "item/netherite_sword/bronze_sword"},
        {"predicate": {"custom_model_data": 8}, "model": "item/netherite_sword/bronze_sword_2"},
        {"predicate": {"custom_model_data": 9}, "model": "item/netherite_sword/bronze_sword_3"},
        {"predicate": {"custom_model_data": 10}, "model": "item/netherite_sword/aluminum_sword"},
        {"predicate": {"custom_model_data": 11}, "model": "item/netherite_sword/aluminum_sword_2"},
        {"predicate": {"custom_model_data": 12}, "model": "item/netherite_sword/aluminum_sword_3"},
        {"predicate": {"custom_model_data": 13}, "model": "item/netherite_sword/amethyst_sword"},
        {"predicate": {"custom_model_data": 14}, "model": "item/netherite_sword/amethyst_sword_2"},
        {"predicate": {"custom_model_data": 15}, "model": "item/netherite_sword/amethyst_sword_3"},
        {"predicate": {"custom_model_data": 16}, "model": "item/netherite_sword/ruby_sword"},
        {"predicate": {"custom_model_data": 17}, "model": "item/netherite_sword/ruby_sword_2"},
        {"predicate": {"custom_model_data": 18}, "model": "item/netherite_sword/ruby_sword_3"},
        {"predicate": {"custom_model_data": 19}, "model": "item/netherite_sword/spinel_sword"},
        {"predicate": {"custom_model_data": 20}, "model": "item/netherite_sword/spinel_sword_2"},
        {"predicate": {"custom_model_data": 21}, "model": "item/netherite_sword/spinel_sword_3"},
        {"predicate": {"custom_model_data": 22}, "model": "item/netherite_sword/kanari_sword"},
        {"predicate": {"custom_model_data": 23}, "model": "item/netherite_sword/kanari_sword_2"},
        {"predicate": {"custom_model_data": 24}, "model": "item/netherite_sword/kanari_sword_3"}
     ]
}
