{
  "parent": "item/handheld",
  "textures": {
    "layer0": "item/diamond_shovel"
  },
  "overrides": [
    {
      "predicate": {
        "custom_model_data": 1
      },
      "model": "item/diamond_shovel/ruby_shovel"
    },
    {
      "predicate": {
        "custom_model_data": 2
      },
      "model": "item/diamond_shovel/spinel_shovel"
    },
    {
      "predicate": {
        "custom_model_data": 3
      },
      "model": "item/diamond_shovel/turquoise_shovel"
    },
    {
      "predicate": {
        "custom_model_data": 4
      },
      "model": "item/diamond_shovel/aqua_aura_shovel"
    },
    {
      "predicate": {
        "custom_model_data": 5
      },
      "model": "item/diamond_shovel/amethyst_shovel"
    },
    {
      "predicate": {
        "custom_model_data": 6
      },
      "model": "item/diamond_shovel/bronze_shovel"
    },
	{
      "predicate": {
        "custom_model_data": 7
      },
      "model": "item/diamond_shovel/aether_shovel"
    },
	{
      "predicate": {
        "custom_model_data": 8
      },
      "model": "item/diamond_shovel/cobalt_shovel"
    },
	{
      "predicate": {
        "custom_model_data": 9
      },
      "model": "item/diamond_shovel/steel_shovel"
    },
	{
      "predicate": {
        "custom_model_data": 10
      },
      "model": "item/diamond_shovel/obsidian_shovel"
    },
	{
      "predicate": {
        "custom_model_data": 11
      },
      "model": "item/diamond_shovel/copper_shovel"
    },
	{
      "predicate": {
        "custom_model_data": 12
      },
      "model": "item/diamond_shovel/darksteel_shovel"
    },
	{
      "predicate": {
        "custom_model_data": 13
      },
      "model": "item/diamond_shovel/aluminum_shovel"
    },
		{
			"predicate": {
				"custom_model_data": 1337
			},
			"model": "item/source_models/model_photonicdiggingclaw"
		}
  ]
}