{
	"parent": "item/handheld",
	"textures": {
		"layer0": "item/diamond_pickaxe"
	},
	"overrides": [
	{
      "predicate": {
        "custom_model_data": 1
      },
      "model": "item/diamond_pickaxe/astral_pickaxe"
    },
    {
      "predicate": {
        "custom_model_data": 2
      },
      "model": "item/diamond_pickaxe/diamond_hammer"
    },
    {
      "predicate": {
        "custom_model_data": 3
      },
      "model": "item/diamond_pickaxe/demoniac_pickaxe"
    },
    {
      "predicate": {
        "custom_model_data": 4
      },
      "model": "item/diamond_pickaxe/ruby_pickaxe"
    },
    {
      "predicate": {
        "custom_model_data": 5
      },
      "model": "item/diamond_pickaxe/spinel_pickaxe"
    },
    {
      "predicate": {
        "custom_model_data": 6
      },
      "model": "item/diamond_pickaxe/turquoise_pickaxe"
    },
    {
      "predicate": {
        "custom_model_data": 7
      },
      "model": "item/diamond_pickaxe/aqua_pickaxe"
    },
    {
      "predicate": {
        "custom_model_data": 8
      },
      "model": "item/diamond_pickaxe/amethyst_pickaxe"
    },
    {
      "predicate": {
        "custom_model_data": 9
      },
      "model": "item/diamond_pickaxe/bronze_pickaxe"
    },
    {
      "predicate": {
        "custom_model_data": 10
      },
      "model": "item/diamond_pickaxe/demoniac_hammer"
    },
		{ "predicate": { "custom_model_data": 11}, "model": "item/diamond_pickaxe/aether_pickaxe" },
		{ "predicate": { "custom_model_data": 12}, "model": "item/diamond_pickaxe/aluminum_pickaxe" },
		{ "predicate": { "custom_model_data": 13}, "model": "item/diamond_pickaxe/blackblue_pickaxe" },
		{ "predicate": { "custom_model_data": 14}, "model": "item/diamond_pickaxe/bluegem_pickaxe" },
		{ "predicate": { "custom_model_data": 15}, "model": "item/diamond_pickaxe/darksteel_pickaxe" },
		{ "predicate": { "custom_model_data": 16}, "model": "item/diamond_pickaxe/cobalt_pickaxe" },
		{ "predicate": { "custom_model_data": 17}, "model": "item/diamond_pickaxe/obsidian_pickaxe" },
		{ "predicate": { "custom_model_data": 18}, "model": "item/diamond_pickaxe/obsidian_hammer" },
		{ "predicate": { "custom_model_data": 19}, "model": "item/diamond_pickaxe/copper_pickaxe" },
		{ "predicate": { "custom_model_data": 20}, "model": "item/diamond_pickaxe/steel_pickaxe" },
		{ "predicate": { "custom_model_data": 21}, "model": "item/diamond_pickaxe/giantblue_pickaxe" },
		{ "predicate": { "custom_model_data": 22}, "model": "item/diamond_pickaxe/giantyellow_pickaxe" },
		{ "predicate": { "custom_model_data": 23}, "model": "item/diamond_pickaxe/purple_pickaxe" },
		{ "predicate": { "custom_model_data": 24}, "model": "item/diamond_pickaxe/purple_pickaxe2" },
		{ "predicate": { "custom_model_data": 25}, "model": "item/diamond_pickaxe/hammer" },
		{"predicate": {"custom_model_data":1337}, "model": "item/source_models/model_tinctusdriller"}
	]
}
