{
  "parent":"builtin/generated",
  "textures":{
     "layer0":"item/emerald"
  },
  
    "overrides": [
      
      {"predicate": {"custom_model_data": 101}, "model": "item/gems/light_blue" },
      {"predicate": {"custom_model_data": 102}, "model": "item/gems/light_green"},
      {"predicate": {"custom_model_data": 103}, "model": "item/gems/pink"}, 
      {"predicate": {"custom_model_data": 104}, "model": "item/gems/red"},
      {"predicate": {"custom_model_data": 105}, "model": "item/emerald/blue_nugget_2"},
      {"predicate": {"custom_model_data": 106}, "model": "item/emerald/blue_nugget_3"},
      
      {"predicate": {"custom_model_data": 107}, "model": "item/emerald/blue_chunk"},
      {"predicate": {"custom_model_data": 108}, "model": "item/emerald/blue_chunk_2"},
      {"predicate": {"custom_model_data": 109}, "model": "item/emerald/blue_chunk_3"},
      {"predicate": {"custom_model_data": 110}, "model": "item/emerald/bronze_chunk"},
      {"predicate": {"custom_model_data": 111}, "model": "item/emerald/bronze_chunk_2"},
      {"predicate": {"custom_model_data": 112}, "model": "item/emerald/bronze_chunk_3"},

      {"predicate": {"custom_model_data": 113}, "model": "item/emerald/bronze_ingot"},
      {"predicate": {"custom_model_data": 114}, "model": "item/emerald/bronze_ingot_2"},
      {"predicate": {"custom_model_data": 115}, "model": "item/emerald/bronze_ingot_3"},
      {"predicate": {"custom_model_data": 116}, "model": "item/emerald/brown_chunk"},
      {"predicate": {"custom_model_data": 117}, "model": "item/emerald/brown_chunk_2"},
      {"predicate": {"custom_model_data": 118}, "model": "item/emerald/brown_chunk_3"},

      {"predicate": { "custom_model_data":119}, "model": "item/emerald/gold_nugget"},
      {"predicate": { "custom_model_data":120}, "model": "item/emerald/gold_nugget_2"},
      {"predicate": { "custom_model_data":121}, "model": "item/emerald/gold_nugget_3"},
      {"predicate": {"custom_model_data": 122}, "model": "item/emerald/gold_ingot"},
      {"predicate": {"custom_model_data": 123}, "model": "item/emerald/gold_ingot_2"},
      {"predicate": {"custom_model_data": 124}, "model": "item/emerald/gold_ingot_3"},

      {"predicate": {"custom_model_data": 125}, "model": "item/emerald/iron_nugget"},
      {"predicate": {"custom_model_data": 126}, "model": "item/emerald/iron_nugget_2"},
      {"predicate": {"custom_model_data": 127}, "model": "item/emerald/iron_nugget_3"},
      {"predicate": {"custom_model_data": 128}, "model": "item/emerald/iron_ingot"},
      {"predicate": {"custom_model_data": 129}, "model": "item/emerald/iron_ingot_2" },
      {"predicate": {"custom_model_data": 130}, "model": "item/emerald/iron_ingot_3"},

      {"predicate": {"custom_model_data": 131}, "model": "item/emerald/blue_nugget"},
      {"predicate": {"custom_model_data": 132}, "model": "item/emerald/blue_nugget_2"},
      {"predicate": {"custom_model_data": 133}, "model": "item/emerald/blue_nugget_3"},
      {"predicate": {"custom_model_data": 134}, "model": "item/emerald/blue_chunk"},
      {"predicate": {"custom_model_data": 135}, "model": "item/emerald/blue_chunk_2"},
      {"predicate": {"custom_model_data": 136}, "model": "item/emerald/blue_chunk_3"},

      {"predicate": {"custom_model_data": 137}, "model": "item/emerald/bronze_chunk"},
      {"predicate": {"custom_model_data": 138}, "model": "item/emerald/bronze_chunk_2" },
      {"predicate": {"custom_model_data": 139}, "model": "item/emerald/bronze_chunk_3" },
      {"predicate": {"custom_model_data": 140}, "model": "item/emerald/bronze_ingot"},
      {"predicate": {"custom_model_data": 141}, "model": "item/emerald/bronze_ingot_2"},
      {"predicate": {"custom_model_data": 142}, "model": "item/emerald/bronze_ingot_3"},

      {"predicate": {"custom_model_data": 143}, "model": "item/emerald/brown_chunk"},
      {"predicate": {"custom_model_data": 144}, "model": "item/emerald/brown_chunk_2"},
      {"predicate": {"custom_model_data": 145}, "model": "item/emerald/brown_chunk_3"},
      {"predicate": {"custom_model_data": 146}, "model": "item/emerald/gold_nugget" },
      {"predicate": {"custom_model_data": 147}, "model": "item/emerald/gold_nugget_2" },
      {"predicate": {"custom_model_data": 148}, "model": "item/emerald/gold_nugget_3" },

      {"predicate": {"custom_model_data": 149}, "model": "item/emerald/gold_ingot"},
      {"predicate": {"custom_model_data": 150}, "model": "item/emerald/gold_ingot_2"},
      {"predicate": {"custom_model_data": 151}, "model": "item/emerald/gold_ingot_3"},
      {"predicate": {"custom_model_data": 152}, "model": "item/emerald/iron_nugget"},
      {"predicate": {"custom_model_data": 153}, "model": "item/emerald/iron_nugget_2"},
      {"predicate": {"custom_model_data": 154}, "model": "item/emerald/iron_nugget_3"},

      {"predicate": {"custom_model_data": 155}, "model": "item/emerald/iron_ingot"},
      {"predicate": {"custom_model_data": 156}, "model": "item/emerald/iron_ingot_2"},
      {"predicate": {"custom_model_data": 157}, "model": "item/emerald/iron_ingot_3"},
      {"predicate": {"custom_model_data": 158}, "model": "item/emerald/dark_ingot"},
      {"predicate": {"custom_model_data": 159}, "model": "item/emerald/dark_ingot_2"},
      {"predicate": {"custom_model_data": 160}, "model": "item/emerald/dark_ingot_3"},
      
      {"predicate": {"custom_model_data": 161}, "model": "item/emerald/dark_frag"},
      {"predicate": {"custom_model_data": 162}, "model": "item/emerald/dark_frag_2"},
      {"predicate": {"custom_model_data": 163}, "model": "item/emerald/dark_frag_3"},
      {"predicate": {"custom_model_data": 164}, "model": "item/emerald/dark_frag_4"},
      {"predicate": {"custom_model_data": 165}, "model": "item/emerald/dark_frag_5"},
      {"predicate": {"custom_model_data": 166}, "model": "item/emerald/dark_frag_6"},
      {"predicate": {"custom_model_data": 167}, "model": "item/emerald/dark_frag_7"},
      
      
      {"predicate": {"custom_model_data": 168}, "model": "item/emerald/blue_ingot"},
      {"predicate": {"custom_model_data": 169}, "model": "item/emerald/blue_ingot_2"},
      {"predicate": {"custom_model_data": 170}, "model": "item/emerald/blue_ingot_3"},
      {"predicate": {"custom_model_data": 171}, "model": "item/emerald/copper_ingot"},
      {"predicate": {"custom_model_data": 172}, "model": "item/emerald/copper_ingot_2"},
      {"predicate": {"custom_model_data": 173}, "model": "item/emerald/copper_ingot_3"},
      
      {"predicate": {"custom_model_data": 174}, "model": "item/emerald/emerald"},
      {"predicate": {"custom_model_data": 175}, "model": "item/emerald/emerald_2"},
      {"predicate": {"custom_model_data": 176}, "model": "item/emerald/emerald_3"},
      {"predicate": {"custom_model_data": 177}, "model": "item/emerald/dirty_ingot"},
      {"predicate": {"custom_model_data": 178}, "model": "item/emerald/dirty_ingot_2"},
      {"predicate": {"custom_model_data": 179}, "model": "item/emerald/dirty_ingot_3"},
       
      {"predicate": {"custom_model_data": 180}, "model": "item/emerald/green_chunk"},
      {"predicate": {"custom_model_data": 181}, "model": "item/emerald/green_chunk_2"},
      {"predicate": {"custom_model_data": 182}, "model": "item/emerald/green_chunk_3"},
      {"predicate": {"custom_model_data": 183}, "model": "item/emerald/green_chunk_4"},
      {"predicate": {"custom_model_data": 184}, "model": "item/emerald/green_ingot"},
      {"predicate": {"custom_model_data": 185}, "model": "item/emerald/green_ingot_2"},
      {"predicate": {"custom_model_data": 186}, "model": "item/emerald/green_ingot_3"},
      {"predicate": {"custom_model_data": 187}, "model": "item/emerald/green_ingot_4"},
      {"predicate": {"custom_model_data": 188}, "model": "item/emerald/green_ingot_5"},
      {"predicate": {"custom_model_data": 189}, "model": "item/emerald/green_ingot_6"},
      {"predicate": {"custom_model_data": 190}, "model": "item/emerald/green_ingot_7"},
      {"predicate": {"custom_model_data": 191}, "model": "item/emerald/green_frag"},
      {"predicate": {"custom_model_data": 192}, "model": "item/emerald/green_frag_2"},
      {"predicate": {"custom_model_data": 193}, "model": "item/emerald/green_frag_3"},
      {"predicate": {"custom_model_data": 194}, "model": "item/emerald/green_frag_4"},
      
      {"predicate": {"custom_model_data": 195}, "model": "item/emerald/light_blue_ingot"},
      {"predicate": {"custom_model_data": 196}, "model": "item/emerald/light_blue_ingot_2"},
      {"predicate": {"custom_model_data": 197}, "model": "item/emerald/light_blue_ingot_3"},
      {"predicate": {"custom_model_data": 198}, "model": "item/emerald/light_blue_ingot_4"},
      
      {"predicate": {"custom_model_data": 199}, "model": "item/emerald/light_purple_chunk"},
      {"predicate": {"custom_model_data": 200}, "model": "item/emerald/light_purple_chunk_2"},
      {"predicate": {"custom_model_data": 201}, "model": "item/emerald/light_purple_chunk_3"},
      {"predicate": {"custom_model_data": 202}, "model": "item/emerald/light_purple_chunks"},
      {"predicate": {"custom_model_data": 203}, "model": "item/emerald/light_silver_chunk"},
      {"predicate": {"custom_model_data": 204}, "model": "item/emerald/light_silver_chunk_2"},
      {"predicate": {"custom_model_data": 205}, "model": "item/emerald/light_silver_chunk_3"},
      
      {"predicate": {"custom_model_data": 206}, "model": "item/emerald/light_tan_chunk"},
      {"predicate": {"custom_model_data": 207}, "model": "item/emerald/light_tan_chunk_2"},
      {"predicate": {"custom_model_data": 208}, "model": "item/emerald/light_tan_chunk_3"},
      {"predicate": {"custom_model_data": 209}, "model": "item/emerald/magenta"},
      {"predicate": {"custom_model_data": 210}, "model": "item/emerald/magenta_2"},
      {"predicate": {"custom_model_data": 211}, "model": "item/emerald/magenta_3"},
      
      {"predicate": {"custom_model_data": 212}, "model": "item/emerald/odd_chunk"},
      {"predicate": {"custom_model_data": 213}, "model": "item/emerald/odd_chunk_2"},
      {"predicate": {"custom_model_data": 214}, "model": "item/emerald/odd_chunk_3"},
      {"predicate": {"custom_model_data": 215}, "model": "item/emerald/pink_chunk"},
      {"predicate": {"custom_model_data": 216}, "model": "item/emerald/pink_chunk_2"},
      {"predicate": {"custom_model_data": 217}, "model": "item/emerald/pink_chunk_3"},
      
      {"predicate": {"custom_model_data": 218}, "model": "item/emerald/purple_chunk"},
      {"predicate": {"custom_model_data": 219}, "model": "item/emerald/purple_chunk_2"},
      {"predicate": {"custom_model_data": 220}, "model": "item/emerald/purple_chunk_3"},
      {"predicate": {"custom_model_data": 221}, "model": "item/emerald/purple_chunk_4"},
      {"predicate": {"custom_model_data": 222}, "model": "item/emerald/purple_chunks"},
      
      {"predicate": {"custom_model_data": 223}, "model": "item/emerald/purple_frag"},
      {"predicate": {"custom_model_data": 224}, "model": "item/emerald/purple_frag_2"},
      {"predicate": {"custom_model_data": 225}, "model": "item/emerald/purple_frag_3"},
      {"predicate": {"custom_model_data": 226}, "model": "item/emerald/purple_frag_4"},
      
      {"predicate": {"custom_model_data": 227}, "model": "item/emerald/purple_ingot"},
      {"predicate": {"custom_model_data": 228}, "model": "item/emerald/purple_ingot_2"},
      {"predicate": {"custom_model_data": 229}, "model": "item/emerald/purple_ingot_3"},

      {"predicate": {"custom_model_data": 230}, "model": "item/emerald/red_chunk"},
      {"predicate": {"custom_model_data": 231}, "model": "item/emerald/red_chunk_2"},
      {"predicate": {"custom_model_data": 232}, "model": "item/emerald/red_chunk_3"},
      {"predicate": {"custom_model_data": 233}, "model": "item/emerald/red_chunk_4"},
      {"predicate": {"custom_model_data": 234}, "model": "item/emerald/red_nugget"},
      {"predicate": {"custom_model_data": 235}, "model": "item/emerald/red_nugget_2"},
      {"predicate": {"custom_model_data": 236}, "model": "item/emerald/red_nugget_3"},
      
      {"predicate": {"custom_model_data": 237}, "model": "item/emerald/teal_chunk"},
      {"predicate": {"custom_model_data": 238}, "model": "item/emerald/teal_chunk_2"},
      {"predicate": {"custom_model_data": 239}, "model": "item/emerald/teal_chunk_3"}

      
      
    ]
}
