{
	"credit": "Made by phantomcpu",
	"ambientocclusion": false,
	"textures": {
		"silver_scytheUV": "custom_3D/silver_scytheuv"
	},
	"elements": [
		{
			"name": "Cube",
			"from": [7.5, 18, 4.375],
			"to": [8.5, 18.625, 5],
			"faces": {
				"north": {"uv": [4.25, 15.375, 3.75, 15.6875], "texture": "#silver_scytheUV"},
				"east": {"uv": [5.3125, 15.375, 5, 15.6875], "texture": "#silver_scytheUV"},
				"south": {"uv": [4.25, 15.6875, 4.75, 16], "texture": "#silver_scytheUV"},
				"west": {"uv": [5, 15.6875, 5.3125, 16], "texture": "#silver_scytheUV"},
				"up": {"uv": [3.75, 16, 4.25, 15.6875], "texture": "#silver_scytheUV"},
				"down": {"uv": [4.25, 15.375, 4.75, 15.6875], "texture": "#silver_scytheUV"}
			}
		},
		{
			"name": "Voxels",
			"from": [7.625, -2.875, 4.25],
			"to": [8.375, 18.625, 4.375],
			"faces": {
				"north": {"uv": [0.75, 5.25, 0.375, 16], "texture": "#silver_scytheUV"},
				"east": {"uv": [2.375, 5.25, 2.3125, 16], "texture": "#silver_scytheUV"},
				"south": {"uv": [0, 5.25, 0.375, 16], "texture": "#silver_scytheUV"},
				"west": {"uv": [2.25, 5.25, 2.3125, 16], "texture": "#silver_scytheUV"},
				"up": {"uv": [3.75, 15.25, 4.125, 15.1875], "texture": "#silver_scytheUV"},
				"down": {"uv": [3.75, 14.875, 4.125, 14.9375], "texture": "#silver_scytheUV"}
			}
		},
		{
			"name": "Voxels",
			"from": [7.625, -2.875, 4.375],
			"to": [8.375, 18, 5.125],
			"faces": {
				"east": {"uv": [2.25, 5.5625, 1.875, 16], "texture": "#silver_scytheUV"},
				"south": {"uv": [1.125, 5.5625, 1.5, 16], "texture": "#silver_scytheUV"},
				"west": {"uv": [1.5, 5.5625, 1.875, 16], "texture": "#silver_scytheUV"},
				"up": {"uv": [1.5, 5.5625, 1.875, 5.1875], "texture": "#silver_scytheUV"},
				"down": {"uv": [1.5, 2, 1.875, 2.375], "texture": "#silver_scytheUV"}
			}
		},
		{
			"name": "Voxels",
			"from": [7.625, 18, 5],
			"to": [8.375, 18.625, 5.125],
			"faces": {
				"east": {"uv": [0.6875, 3.75, 0.625, 4.0625], "texture": "#silver_scytheUV"},
				"south": {"uv": [1.5, 0, 1.875, 0.3125], "texture": "#silver_scytheUV"},
				"west": {"uv": [1.4375, 2.4375, 1.5, 2.75], "texture": "#silver_scytheUV"},
				"up": {"uv": [3.75, 15.125, 4.125, 15.0625], "texture": "#silver_scytheUV"}
			}
		},
		{
			"name": "Voxels",
			"from": [7.625, 18.625, 4.375],
			"to": [8.375, 18.75, 5],
			"faces": {
				"north": {"uv": [4.125, 14.9375, 3.75, 15], "texture": "#silver_scytheUV"},
				"east": {"uv": [4.0625, 14.8125, 3.75, 14.875], "texture": "#silver_scytheUV"},
				"south": {"uv": [3.75, 15, 4.125, 15.0625], "texture": "#silver_scytheUV"},
				"west": {"uv": [4.25, 15.3125, 4.5625, 15.375], "texture": "#silver_scytheUV"},
				"up": {"uv": [1.875, 1.6875, 2.25, 1.375], "texture": "#silver_scytheUV"}
			}
		},
		{
			"name": "Voxels",
			"from": [7.75, 15.375, 11.5],
			"to": [8.25, 16, 11.625],
			"faces": {
				"north": {"uv": [7.3125, 15.6875, 7.0625, 16], "texture": "#silver_scytheUV"},
				"east": {"uv": [0.75, 3.75, 0.6875, 4.0625], "texture": "#silver_scytheUV"},
				"south": {"uv": [7.3125, 15.6875, 7.5625, 16], "texture": "#silver_scytheUV"},
				"west": {"uv": [1.375, 2.75, 1.4375, 3.0625], "texture": "#silver_scytheUV"},
				"up": {"uv": [5.0625, 14.875, 5.3125, 14.8125], "texture": "#silver_scytheUV"},
				"down": {"uv": [4.8125, 14.75, 5.0625, 14.8125], "texture": "#silver_scytheUV"}
			}
		},
		{
			"name": "Voxels",
			"from": [7.75, 15.375, 11.625],
			"to": [8.25, 15.875, 11.75],
			"faces": {
				"east": {"uv": [0.6875, 3.0625, 0.625, 3.3125], "texture": "#silver_scytheUV"},
				"south": {"uv": [5.3125, 15.375, 5.5625, 15.625], "texture": "#silver_scytheUV"},
				"west": {"uv": [0.6875, 3.0625, 0.75, 3.3125], "texture": "#silver_scytheUV"},
				"up": {"uv": [5.3125, 15.3125, 5.5625, 15.25], "texture": "#silver_scytheUV"},
				"down": {"uv": [5.0625, 14.75, 5.3125, 14.8125], "texture": "#silver_scytheUV"}
			}
		},
		{
			"name": "Voxels",
			"from": [7.75, 15.5, 11.25],
			"to": [8.25, 16.25, 11.375],
			"faces": {
				"north": {"uv": [6.3125, 15.625, 6.0625, 16], "texture": "#silver_scytheUV"},
				"east": {"uv": [1.4375, 3.3125, 1.375, 3.6875], "texture": "#silver_scytheUV"},
				"south": {"uv": [6.3125, 15.625, 6.5625, 16], "texture": "#silver_scytheUV"},
				"west": {"uv": [1.375, 4.5625, 1.4375, 4.9375], "texture": "#silver_scytheUV"},
				"up": {"uv": [4.75, 15.4375, 5, 15.375], "texture": "#silver_scytheUV"},
				"down": {"uv": [1.875, 0, 2.125, 0.0625], "texture": "#silver_scytheUV"}
			}
		},
		{
			"name": "Voxels",
			"from": [7.75, 15.5, 11.375],
			"to": [8.25, 16.125, 11.5],
			"faces": {
				"east": {"uv": [1.4375, 2.125, 1.375, 2.4375], "texture": "#silver_scytheUV"},
				"south": {"uv": [6.8125, 15.6875, 7.0625, 16], "texture": "#silver_scytheUV"},
				"west": {"uv": [1.375, 2.4375, 1.4375, 2.75], "texture": "#silver_scytheUV"},
				"up": {"uv": [3.5, 14.8125, 3.75, 14.75], "texture": "#silver_scytheUV"},
				"down": {"uv": [3.5, 14.8125, 3.75, 14.875], "texture": "#silver_scytheUV"}
			}
		},
		{
			"name": "Voxels",
			"from": [7.75, 15.5, 11.75],
			"to": [8.25, 15.75, 11.875],
			"faces": {
				"east": {"uv": [0.375, 1.375, 0.3125, 1.5], "texture": "#silver_scytheUV"},
				"south": {"uv": [4.75, 15.4375, 5, 15.5625], "texture": "#silver_scytheUV"},
				"west": {"uv": [0.25, 1.375, 0.3125, 1.5], "texture": "#silver_scytheUV"},
				"up": {"uv": [4.25, 15.3125, 4.5, 15.25], "texture": "#silver_scytheUV"},
				"down": {"uv": [3.5, 14.6875, 3.75, 14.75], "texture": "#silver_scytheUV"}
			}
		},
		{
			"name": "Voxels",
			"from": [7.75, 15.625, 11.125],
			"to": [8.25, 16.375, 11.25],
			"faces": {
				"north": {"uv": [6.8125, 15.625, 6.5625, 16], "texture": "#silver_scytheUV"},
				"east": {"uv": [1.5, 3.9375, 1.4375, 4.3125], "texture": "#silver_scytheUV"},
				"south": {"uv": [5.8125, 15.625, 6.0625, 16], "texture": "#silver_scytheUV"},
				"west": {"uv": [1.4375, 3.3125, 1.5, 3.6875], "texture": "#silver_scytheUV"},
				"up": {"uv": [4.25, 14.9375, 4.5, 14.875], "texture": "#silver_scytheUV"},
				"down": {"uv": [4.25, 14.9375, 4.5, 15], "texture": "#silver_scytheUV"}
			}
		},
		{
			"name": "Voxels",
			"from": [7.75, 15.75, 10.75],
			"to": [8.25, 16.625, 11],
			"faces": {
				"north": {"uv": [2.125, 0.0625, 1.875, 0.5], "texture": "#silver_scytheUV"},
				"east": {"uv": [0.75, 4.0625, 0.625, 4.5], "texture": "#silver_scytheUV"},
				"south": {"uv": [4.75, 15.5625, 5, 16], "texture": "#silver_scytheUV"},
				"west": {"uv": [0.625, 3.3125, 0.75, 3.75], "texture": "#silver_scytheUV"},
				"up": {"uv": [6.5625, 15.625, 6.8125, 15.5], "texture": "#silver_scytheUV"},
				"down": {"uv": [6.3125, 15.5, 6.5625, 15.625], "texture": "#silver_scytheUV"}
			}
		},
		{
			"name": "Voxels",
			"from": [7.75, 15.75, 11],
			"to": [8.25, 16.5, 11.125],
			"faces": {
				"east": {"uv": [1.5, 4.5625, 1.4375, 4.9375], "texture": "#silver_scytheUV"},
				"south": {"uv": [5.5625, 15.625, 5.8125, 16], "texture": "#silver_scytheUV"},
				"west": {"uv": [1.375, 3.9375, 1.4375, 4.3125], "texture": "#silver_scytheUV"},
				"up": {"uv": [4.25, 14.8125, 4.5, 14.75], "texture": "#silver_scytheUV"},
				"down": {"uv": [4.25, 14.8125, 4.5, 14.875], "texture": "#silver_scytheUV"}
			}
		},
		{
			"name": "Voxels",
			"from": [7.75, 15.875, 10.5],
			"to": [8.25, 16.875, 10.625],
			"faces": {
				"north": {"uv": [2.125, 2, 1.875, 2.5], "texture": "#silver_scytheUV"},
				"east": {"uv": [1.0625, 0.375, 1, 0.875], "texture": "#silver_scytheUV"},
				"south": {"uv": [1.875, 3.5, 2.125, 4], "texture": "#silver_scytheUV"},
				"west": {"uv": [1.0625, 0.375, 1.125, 0.875], "texture": "#silver_scytheUV"},
				"up": {"uv": [4.5625, 15.375, 4.8125, 15.3125], "texture": "#silver_scytheUV"},
				"down": {"uv": [4.25, 14.6875, 4.5, 14.75], "texture": "#silver_scytheUV"}
			}
		},
		{
			"name": "Voxels",
			"from": [7.75, 15.875, 10.625],
			"to": [8.25, 16.75, 10.75],
			"faces": {
				"east": {"uv": [1.4375, 5.125, 1.375, 5.5625], "texture": "#silver_scytheUV"},
				"south": {"uv": [1.875, 0.5, 2.125, 0.9375], "texture": "#silver_scytheUV"},
				"west": {"uv": [1.4375, 5.125, 1.5, 5.5625], "texture": "#silver_scytheUV"},
				"up": {"uv": [4.5625, 15.25, 4.8125, 15.1875], "texture": "#silver_scytheUV"},
				"down": {"uv": [4.5625, 15.25, 4.8125, 15.3125], "texture": "#silver_scytheUV"}
			}
		},
		{
			"name": "Voxels",
			"from": [7.75, 16, 10.25],
			"to": [8.25, 17.125, 10.375],
			"faces": {
				"north": {"uv": [1.375, 0.6875, 1.125, 1.25], "texture": "#silver_scytheUV"},
				"east": {"uv": [1.0625, 4.3125, 1, 4.875], "texture": "#silver_scytheUV"},
				"south": {"uv": [1.125, 1.25, 1.375, 1.8125], "texture": "#silver_scytheUV"},
				"west": {"uv": [1, 3.625, 1.0625, 4.1875], "texture": "#silver_scytheUV"},
				"up": {"uv": [4.5625, 15.1875, 4.8125, 15.125], "texture": "#silver_scytheUV"},
				"down": {"uv": [4.8125, 14.6875, 5.0625, 14.75], "texture": "#silver_scytheUV"}
			}
		},
		{
			"name": "Voxels",
			"from": [7.75, 16, 10.375],
			"to": [8.25, 17, 10.5],
			"faces": {
				"east": {"uv": [1.0625, 1.625, 1, 2.125], "texture": "#silver_scytheUV"},
				"south": {"uv": [1.875, 4.5, 2.125, 5], "texture": "#silver_scytheUV"},
				"west": {"uv": [1.0625, 1.625, 1.125, 2.125], "texture": "#silver_scytheUV"},
				"up": {"uv": [4.5625, 14.8125, 4.8125, 14.75], "texture": "#silver_scytheUV"},
				"down": {"uv": [4.5625, 14.9375, 4.8125, 15], "texture": "#silver_scytheUV"}
			}
		},
		{
			"name": "Voxels",
			"from": [7.75, 16.125, 10],
			"to": [8.25, 17.25, 10.125],
			"faces": {
				"north": {"uv": [1.75, 2.9375, 1.5, 3.5], "texture": "#silver_scytheUV"},
				"east": {"uv": [1.125, 2.9375, 1.0625, 3.5], "texture": "#silver_scytheUV"},
				"south": {"uv": [1.5, 0.3125, 1.75, 0.875], "texture": "#silver_scytheUV"},
				"west": {"uv": [1.0625, 3.625, 1.125, 4.1875], "texture": "#silver_scytheUV"},
				"up": {"uv": [4.8125, 15.375, 5.0625, 15.3125], "texture": "#silver_scytheUV"},
				"down": {"uv": [4.5625, 14.6875, 4.8125, 14.75], "texture": "#silver_scytheUV"}
			}
		},
		{
			"name": "Voxels",
			"from": [7.75, 16.125, 10.125],
			"to": [8.25, 17.125, 10.25],
			"faces": {
				"east": {"uv": [1.0625, 1, 1, 1.5], "texture": "#silver_scytheUV"},
				"west": {"uv": [1.0625, 1, 1.125, 1.5], "texture": "#silver_scytheUV"},
				"up": {"uv": [4.8125, 15.125, 5.0625, 15.0625], "texture": "#silver_scytheUV"},
				"down": {"uv": [4.8125, 15.25, 5.0625, 15.3125], "texture": "#silver_scytheUV"}
			}
		},
		{
			"name": "Voxels",
			"from": [7.75, 16.25, 9.625],
			"to": [8.25, 17.5, 9.75],
			"faces": {
				"north": {"uv": [1.375, 4.9375, 1.125, 5.5625], "texture": "#silver_scytheUV"},
				"east": {"uv": [0.6875, 1.0625, 0.625, 1.6875], "texture": "#silver_scytheUV"},
				"south": {"uv": [1.125, 1.8125, 1.375, 2.4375], "texture": "#silver_scytheUV"},
				"west": {"uv": [0.6875, 0.375, 0.75, 1], "texture": "#silver_scytheUV"},
				"up": {"uv": [4.8125, 14.875, 5.0625, 14.8125], "texture": "#silver_scytheUV"},
				"down": {"uv": [4.8125, 14.875, 5.0625, 14.9375], "texture": "#silver_scytheUV"}
			}
		},
		{
			"name": "Voxels",
			"from": [7.75, 16.25, 9.75],
			"to": [8.25, 17.375, 10],
			"faces": {
				"east": {"uv": [0.75, 4.6875, 0.625, 5.25], "texture": "#silver_scytheUV"},
				"south": {"uv": [1.125, 0.125, 1.375, 0.6875], "texture": "#silver_scytheUV"},
				"west": {"uv": [0.25, 0.0625, 0.375, 0.625], "texture": "#silver_scytheUV"},
				"up": {"uv": [6.0625, 15.625, 6.3125, 15.5], "texture": "#silver_scytheUV"},
				"down": {"uv": [3.5, 15.125, 3.75, 15.25], "texture": "#silver_scytheUV"}
			}
		},
		{
			"name": "Voxels",
			"from": [7.75, 16.375, 9.375],
			"to": [8.25, 17.625, 9.5],
			"faces": {
				"north": {"uv": [1, 0.875, 0.75, 1.5], "texture": "#silver_scytheUV"},
				"east": {"uv": [1.125, 4.9375, 1.0625, 5.5625], "texture": "#silver_scytheUV"},
				"south": {"uv": [0.75, 1.5, 1, 2.125], "texture": "#silver_scytheUV"},
				"west": {"uv": [1, 4.9375, 1.0625, 5.5625], "texture": "#silver_scytheUV"},
				"up": {"uv": [5.3125, 15.1875, 5.5625, 15.125], "texture": "#silver_scytheUV"},
				"down": {"uv": [5.3125, 15.1875, 5.5625, 15.25], "texture": "#silver_scytheUV"}
			}
		},
		{
			"name": "Voxels",
			"from": [7.75, 16.375, 9.5],
			"to": [8.25, 17.5, 9.625],
			"faces": {
				"east": {"uv": [1.0625, 2.9375, 1, 3.5], "texture": "#silver_scytheUV"},
				"west": {"uv": [1.0625, 4.3125, 1.125, 4.875], "texture": "#silver_scytheUV"},
				"up": {"uv": [3.5, 14.9375, 3.75, 14.875], "texture": "#silver_scytheUV"},
				"down": {"uv": [3.5, 14.9375, 3.75, 15], "texture": "#silver_scytheUV"}
			}
		},
		{
			"name": "Voxels",
			"from": [7.75, 16.5, 8.875],
			"to": [8.25, 17.875, 9],
			"faces": {
				"north": {"uv": [0.625, 1, 0.375, 1.6875], "texture": "#silver_scytheUV"},
				"east": {"uv": [0.75, 1.6875, 0.6875, 2.375], "texture": "#silver_scytheUV"},
				"south": {"uv": [0.75, 4.875, 1, 5.5625], "texture": "#silver_scytheUV"},
				"west": {"uv": [0.625, 1.6875, 0.6875, 2.375], "texture": "#silver_scytheUV"},
				"up": {"uv": [4.25, 15.0625, 4.5, 15], "texture": "#silver_scytheUV"},
				"down": {"uv": [4.25, 15.1875, 4.5, 15.25], "texture": "#silver_scytheUV"}
			}
		},
		{
			"name": "Voxels",
			"from": [7.75, 16.5, 9],
			"to": [8.25, 17.75, 9.25],
			"faces": {
				"east": {"uv": [0.375, 1.5, 0.25, 2.125], "texture": "#silver_scytheUV"},
				"south": {"uv": [1.125, 2.4375, 1.375, 3.0625], "texture": "#silver_scytheUV"},
				"west": {"uv": [0.25, 0.75, 0.375, 1.375], "texture": "#silver_scytheUV"},
				"up": {"uv": [1.125, 0.125, 1.375, 0], "texture": "#silver_scytheUV"},
				"down": {"uv": [6.0625, 15.375, 6.3125, 15.5], "texture": "#silver_scytheUV"}
			}
		},
		{
			"name": "Voxels",
			"from": [7.75, 16.5, 9.25],
			"to": [8.25, 17.625, 9.375],
			"faces": {
				"east": {"uv": [1.125, 2.25, 1.0625, 2.8125], "texture": "#silver_scytheUV"},
				"west": {"uv": [1, 2.25, 1.0625, 2.8125], "texture": "#silver_scytheUV"},
				"up": {"uv": [4.5625, 14.875, 4.8125, 14.8125], "texture": "#silver_scytheUV"},
				"down": {"uv": [4.5625, 14.875, 4.8125, 14.9375], "texture": "#silver_scytheUV"}
			}
		},
		{
			"name": "Voxels",
			"from": [7.75, 16.625, 8.375],
			"to": [8.25, 18.125, 8.5],
			"faces": {
				"north": {"uv": [0.25, 2.875, 0, 3.625], "texture": "#silver_scytheUV"},
				"east": {"uv": [2.3125, 2.125, 2.25, 2.875], "texture": "#silver_scytheUV"},
				"south": {"uv": [0, 2.125, 0.25, 2.875], "texture": "#silver_scytheUV"},
				"west": {"uv": [2.25, 2.875, 2.3125, 3.625], "texture": "#silver_scytheUV"},
				"up": {"uv": [4.8125, 15.1875, 5.0625, 15.125], "texture": "#silver_scytheUV"},
				"down": {"uv": [4.8125, 15.1875, 5.0625, 15.25], "texture": "#silver_scytheUV"}
			}
		},
		{
			"name": "Voxels",
			"from": [7.75, 16.625, 8.5],
			"to": [8.25, 18, 8.75],
			"faces": {
				"east": {"uv": [0.375, 2.9375, 0.25, 3.625], "texture": "#silver_scytheUV"},
				"south": {"uv": [0.75, 3.5, 1, 4.1875], "texture": "#silver_scytheUV"},
				"west": {"uv": [0.25, 2.1875, 0.375, 2.875], "texture": "#silver_scytheUV"},
				"up": {"uv": [6.3125, 15.5, 6.5625, 15.375], "texture": "#silver_scytheUV"},
				"down": {"uv": [6.5625, 15.375, 6.8125, 15.5], "texture": "#silver_scytheUV"}
			}
		},
		{
			"name": "Voxels",
			"from": [7.75, 16.625, 8.75],
			"to": [8.25, 17.875, 8.875],
			"faces": {
				"east": {"uv": [0.75, 1.0625, 0.6875, 1.6875], "texture": "#silver_scytheUV"},
				"west": {"uv": [0.625, 0.375, 0.6875, 1], "texture": "#silver_scytheUV"},
				"up": {"uv": [5.3125, 15.0625, 5.5625, 15], "texture": "#silver_scytheUV"},
				"down": {"uv": [5.3125, 15.0625, 5.5625, 15.125], "texture": "#silver_scytheUV"}
			}
		},
		{
			"name": "Voxels",
			"from": [7.75, 16.75, 7.75],
			"to": [8.25, 18.25, 8.25],
			"faces": {
				"north": {"uv": [0.25, 1.375, 0, 2.125], "texture": "#silver_scytheUV"},
				"east": {"uv": [0.625, 4.5, 0.375, 5.25], "texture": "#silver_scytheUV"},
				"south": {"uv": [0, 0.625, 0.25, 1.375], "texture": "#silver_scytheUV"},
				"west": {"uv": [0.375, 3.75, 0.625, 4.5], "texture": "#silver_scytheUV"},
				"up": {"uv": [5.5625, 15.625, 5.8125, 15.375], "texture": "#silver_scytheUV"},
				"down": {"uv": [5.8125, 15.375, 6.0625, 15.625], "texture": "#silver_scytheUV"}
			}
		},
		{
			"name": "Voxels",
			"from": [7.75, 16.75, 8.25],
			"to": [8.25, 18.125, 8.375],
			"faces": {
				"east": {"uv": [0.6875, 2.375, 0.625, 3.0625], "texture": "#silver_scytheUV"},
				"west": {"uv": [0.6875, 2.375, 0.75, 3.0625], "texture": "#silver_scytheUV"},
				"up": {"uv": [4.25, 15.125, 4.5, 15.0625], "texture": "#silver_scytheUV"},
				"down": {"uv": [4.25, 15.125, 4.5, 15.1875], "texture": "#silver_scytheUV"}
			}
		},
		{
			"name": "Voxels",
			"from": [7.75, 16.875, 6.625],
			"to": [8.25, 18.25, 7.75],
			"faces": {
				"north": {"uv": [0.625, 0.3125, 0.375, 1], "texture": "#silver_scytheUV"},
				"east": {"uv": [3.5, 14.6875, 2.9375, 15.375], "texture": "#silver_scytheUV"},
				"west": {"uv": [2.375, 14.6875, 2.9375, 15.375], "texture": "#silver_scytheUV"},
				"up": {"uv": [1.5, 2.9375, 1.75, 2.375], "texture": "#silver_scytheUV"},
				"down": {"uv": [1.875, 5, 2.125, 5.5625], "texture": "#silver_scytheUV"}
			}
		},
		{
			"name": "Voxels",
			"from": [7.75, 17, 5.125],
			"to": [8.25, 18.625, 5.25],
			"faces": {
				"north": {"uv": [0.25, 3.625, 0, 4.4375], "texture": "#silver_scytheUV"},
				"east": {"uv": [2.3125, 4.4375, 2.25, 5.25], "texture": "#silver_scytheUV"},
				"south": {"uv": [0, 4.4375, 0.25, 5.25], "texture": "#silver_scytheUV"},
				"west": {"uv": [2.25, 3.625, 2.3125, 4.4375], "texture": "#silver_scytheUV"},
				"up": {"uv": [4.5625, 15.0625, 4.8125, 15], "texture": "#silver_scytheUV"},
				"down": {"uv": [4.5625, 15.0625, 4.8125, 15.125], "texture": "#silver_scytheUV"}
			}
		},
		{
			"name": "Voxels",
			"from": [7.75, 17, 5.25],
			"to": [8.25, 18.25, 6.625],
			"faces": {
				"east": {"uv": [3.0625, 15.375, 2.375, 16], "texture": "#silver_scytheUV"},
				"west": {"uv": [3.0625, 15.375, 3.75, 16], "texture": "#silver_scytheUV"},
				"up": {"uv": [0.75, 2.8125, 1, 2.125], "texture": "#silver_scytheUV"},
				"down": {"uv": [0.375, 3.0625, 0.625, 3.75], "texture": "#silver_scytheUV"}
			}
		},
		{
			"name": "Voxels",
			"from": [7.75, 18, 4.125],
			"to": [8.25, 18.625, 4.25],
			"faces": {
				"north": {"uv": [7.3125, 15.375, 7.0625, 15.6875], "texture": "#silver_scytheUV"},
				"east": {"uv": [1.5, 2.125, 1.4375, 2.4375], "texture": "#silver_scytheUV"},
				"west": {"uv": [1.4375, 2.75, 1.5, 3.0625], "texture": "#silver_scytheUV"},
				"up": {"uv": [4.8125, 15, 5.0625, 14.9375], "texture": "#silver_scytheUV"},
				"down": {"uv": [4.8125, 15, 5.0625, 15.0625], "texture": "#silver_scytheUV"}
			}
		},
		{
			"name": "Voxels",
			"from": [7.75, 18.625, 4.25],
			"to": [8.25, 18.75, 4.375],
			"faces": {
				"north": {"uv": [5.3125, 15.1875, 5.0625, 15.25], "texture": "#silver_scytheUV"},
				"east": {"uv": [0.75, 4.5625, 0.6875, 4.625], "texture": "#silver_scytheUV"},
				"west": {"uv": [0.625, 4.5625, 0.6875, 4.625], "texture": "#silver_scytheUV"},
				"up": {"uv": [5.0625, 15.3125, 5.3125, 15.25], "texture": "#silver_scytheUV"}
			}
		},
		{
			"name": "Voxels",
			"from": [7.75, 18.625, 5],
			"to": [8.25, 18.75, 5.125],
			"faces": {
				"east": {"uv": [0.375, 0, 0.3125, 0.0625], "texture": "#silver_scytheUV"},
				"south": {"uv": [5.0625, 14.875, 5.3125, 14.9375], "texture": "#silver_scytheUV"},
				"west": {"uv": [0.25, 0, 0.3125, 0.0625], "texture": "#silver_scytheUV"},
				"up": {"uv": [5.0625, 15.0625, 5.3125, 15], "texture": "#silver_scytheUV"}
			}
		},
		{
			"name": "Voxels",
			"from": [7.75, 18.75, 4.375],
			"to": [8.25, 18.875, 5],
			"faces": {
				"north": {"uv": [5.3125, 14.6875, 5.0625, 14.75], "texture": "#silver_scytheUV"},
				"east": {"uv": [4.0625, 14.6875, 3.75, 14.75], "texture": "#silver_scytheUV"},
				"south": {"uv": [5.3125, 15.3125, 5.5625, 15.375], "texture": "#silver_scytheUV"},
				"west": {"uv": [3.75, 14.75, 4.0625, 14.8125], "texture": "#silver_scytheUV"},
				"up": {"uv": [7.5625, 15.6875, 7.8125, 15.375], "texture": "#silver_scytheUV"}
			}
		},
		{
			"name": "Voxels",
			"from": [7.875, 15.375, 11.75],
			"to": [8.125, 15.5, 11.875],
			"faces": {
				"east": {"uv": [0.75, 4.625, 0.6875, 4.6875], "texture": "#silver_scytheUV"},
				"south": {"uv": [0.25, 2.125, 0.375, 2.1875], "texture": "#silver_scytheUV"},
				"west": {"uv": [0.625, 4.625, 0.6875, 4.6875], "texture": "#silver_scytheUV"},
				"down": {"uv": [0.25, 4.4375, 0.375, 4.5], "texture": "#silver_scytheUV"}
			}
		},
		{
			"name": "Voxels",
			"from": [7.875, 18.25, 5.25],
			"to": [8.125, 18.375, 6.75],
			"faces": {
				"east": {"uv": [4.25, 15.3125, 3.5, 15.375], "texture": "#silver_scytheUV"},
				"south": {"uv": [0.25, 0.625, 0.375, 0.6875], "texture": "#silver_scytheUV"},
				"west": {"uv": [3.5, 15.25, 4.25, 15.3125], "texture": "#silver_scytheUV"},
				"up": {"uv": [0.25, 4.4375, 0.375, 3.6875], "texture": "#silver_scytheUV"},
				"down": {"uv": [0.25, 4.5, 0.375, 5.25], "texture": "#silver_scytheUV"}
			}
		}
	],
	"display": {
		"thirdperson_righthand": {
			"rotation": [0, -180, 0],
			"translation": [0, 0, -4.5],
			"scale": [1.5, 1.5, 1.5]
		},
		"thirdperson_lefthand": {
			"rotation": [0, -180, 0],
			"translation": [0, 0, -4.5],
			"scale": [1.5, 1.5, 1.5]
		},
		"firstperson_righthand": {
			"rotation": [0, -180, 0],
			"translation": [0, -2.75, -1.75],
			"scale": [1.5, 1.5, 1.5]
		},
		"firstperson_lefthand": {
			"rotation": [0, -180, 0],
			"translation": [0, -2.75, -1.75],
			"scale": [1.5, 1.5, 1.5]
		},
		"ground": {
			"translation": [0, 7.5, 0]
		},
		"gui": {
			"rotation": [0, 90, 0],
			"translation": [1, 0, 0],
			"scale": [0.7, 0.7, 0.7]
		},
		"fixed": {
			"rotation": [0, 90, 0],
			"translation": [1, 0, 0],
			"scale": [0.9, 0.9, 0.9]
		}
	}
}