{
	"credit": "Made with Blockbench",
	"texture_size": [64, 64],
	"textures": {
		"1": "blockbench/texture_0"
	},
	"elements": [
		{
			"from": [7.38116, 5.87139, 7.82529],
			"to": [8.84873, 6.0461, 8],
			"rotation": {"angle": 0, "axis": "y", "origin": [9.47769, 7.26908, 9.22298]},
			"faces": {
				"north": {"uv": [4.5, 12.625, 8.25, 15.375], "texture": "#1"},
				"east": {"uv": [2, 14.25, 8.375, 15.125], "texture": "#1"},
				"south": {"uv": [2.25, 12, 8.625, 15.5], "texture": "#1"},
				"west": {"uv": [2.25, 14.125, 8.625, 15.5], "texture": "#1"},
				"up": {"uv": [2.25, 9.875, 8.375, 16], "texture": "#1"},
				"down": {"uv": [3.5, 7.5, 7.5, 11.5], "texture": "#1"}
			}
		},
		{
			"from": [7.55587, 2.24357, 7.82529],
			"to": [8.60413, 5.87139, 8],
			"rotation": {"angle": 0, "axis": "y", "origin": [9.47769, 7.09437, 9.22298]},
			"faces": {
				"north": {"uv": [4.5, 12.625, 8.25, 15.375], "texture": "#1"},
				"east": {"uv": [2.25, 12, 8.625, 15.5], "texture": "#1"},
				"south": {"uv": [2.25, 12, 8.625, 15.5], "texture": "#1"},
				"west": {"uv": [2.25, 12.125, 8.625, 15.5], "texture": "#1"},
				"up": {"uv": [2.25, 9.875, 8.375, 16], "texture": "#1"},
				"down": {"uv": [0, 0.75, 0.5, 5.875], "texture": "#1"}
			}
		},
		{
			"from": [7.55587, 5.87139, 8],
			"to": [8.67402, 6.0461, 8.17471],
			"rotation": {"angle": 0, "axis": "y", "origin": [9.47769, 4.64841, 6.77702]},
			"faces": {
				"north": {"uv": [4.5, 12.625, 8.25, 15.375], "rotation": 180, "texture": "#1"},
				"east": {"uv": [2, 14.25, 8.375, 15.125], "rotation": 180, "texture": "#1"},
				"south": {"uv": [2.25, 12, 8.625, 15.5], "rotation": 180, "texture": "#1"},
				"west": {"uv": [2.25, 14.125, 8.625, 15.5], "rotation": 180, "texture": "#1"},
				"up": {"uv": [2.25, 9.875, 8.375, 16], "texture": "#1"},
				"down": {"uv": [3.5, 7.5, 7.5, 11.5], "texture": "#1"}
			}
		},
		{
			"from": [7.73058, 2.24357, 8],
			"to": [8.42942, 5.87139, 8.17471],
			"rotation": {"angle": 0, "axis": "y", "origin": [9.47769, 4.4737, 6.77702]},
			"faces": {
				"north": {"uv": [4.5, 12.625, 8.25, 15.375], "rotation": 180, "texture": "#1"},
				"east": {"uv": [2.25, 12, 8.625, 15.5], "rotation": 180, "texture": "#1"},
				"south": {"uv": [2.25, 12, 8.625, 15.5], "rotation": 180, "texture": "#1"},
				"west": {"uv": [2.25, 12.125, 8.625, 15.5], "rotation": 180, "texture": "#1"},
				"up": {"uv": [2.25, 9.875, 8.375, 16], "texture": "#1"},
				"down": {"uv": [0, 0.75, 0.5, 5.875], "texture": "#1"}
			}
		},
		{
			"from": [7.55587, 5.87139, 7.65058],
			"to": [8.67402, 6.0461, 7.82529],
			"rotation": {"angle": 0, "axis": "y", "origin": [9.47769, 7.26908, 9.04827]},
			"faces": {
				"north": {"uv": [4.5, 12.625, 8.25, 15.375], "texture": "#1"},
				"east": {"uv": [2, 14.25, 8.375, 15.125], "texture": "#1"},
				"south": {"uv": [2.25, 12, 8.625, 15.5], "texture": "#1"},
				"west": {"uv": [2.25, 14.125, 8.625, 15.5], "texture": "#1"},
				"up": {"uv": [2.25, 9.875, 8.375, 16], "texture": "#1"},
				"down": {"uv": [3.5, 7.5, 7.5, 11.5], "texture": "#1"}
			}
		},
		{
			"from": [7.73058, 2.24357, 7.65058],
			"to": [8.42942, 5.87139, 7.82529],
			"rotation": {"angle": 0, "axis": "y", "origin": [9.47769, 7.09437, 9.04827]},
			"faces": {
				"north": {"uv": [4.5, 12.625, 8.25, 15.375], "texture": "#1"},
				"east": {"uv": [2.25, 12, 8.625, 15.5], "texture": "#1"},
				"south": {"uv": [2.25, 12, 8.625, 15.5], "texture": "#1"},
				"west": {"uv": [2.25, 12.125, 8.625, 15.5], "texture": "#1"},
				"up": {"uv": [2.25, 9.875, 8.375, 16], "texture": "#1"},
				"down": {"uv": [0, 0.75, 0.5, 5.875], "texture": "#1"}
			}
		},
		{
			"from": [7.73058, 5.87139, 8.17471],
			"to": [8.49931, 6.0461, 8.34942],
			"rotation": {"angle": 0, "axis": "y", "origin": [9.47769, 4.64841, 6.95173]},
			"faces": {
				"north": {"uv": [4.5, 12.625, 8.25, 15.375], "rotation": 180, "texture": "#1"},
				"east": {"uv": [2, 14.25, 8.375, 15.125], "rotation": 180, "texture": "#1"},
				"south": {"uv": [2.25, 12, 8.625, 15.5], "rotation": 180, "texture": "#1"},
				"west": {"uv": [2.25, 14.125, 8.625, 15.5], "rotation": 180, "texture": "#1"},
				"up": {"uv": [2.25, 9.875, 8.375, 16], "texture": "#1"},
				"down": {"uv": [3.5, 7.5, 7.5, 11.5], "texture": "#1"}
			}
		},
		{
			"from": [7.90529, 2.24357, 8.17471],
			"to": [8.25471, 5.87139, 8.34942],
			"rotation": {"angle": 0, "axis": "y", "origin": [9.47769, 4.4737, 6.95173]},
			"faces": {
				"north": {"uv": [4.5, 12.625, 8.25, 15.375], "rotation": 180, "texture": "#1"},
				"east": {"uv": [2.25, 12, 8.625, 15.5], "rotation": 180, "texture": "#1"},
				"south": {"uv": [2.25, 12, 8.625, 15.5], "rotation": 180, "texture": "#1"},
				"west": {"uv": [2.25, 12.125, 8.625, 15.5], "rotation": 180, "texture": "#1"},
				"up": {"uv": [2.25, 9.875, 8.375, 16], "texture": "#1"},
				"down": {"uv": [0, 0.75, 0.5, 5.875], "texture": "#1"}
			}
		},
		{
			"from": [7.73058, 5.87139, 7.47587],
			"to": [8.49931, 6.0461, 7.65058],
			"rotation": {"angle": 0, "axis": "y", "origin": [9.47769, 7.26908, 8.87356]},
			"faces": {
				"north": {"uv": [4.5, 12.625, 8.25, 15.375], "texture": "#1"},
				"east": {"uv": [2, 14.25, 8.375, 15.125], "texture": "#1"},
				"south": {"uv": [2.25, 12, 8.625, 15.5], "texture": "#1"},
				"west": {"uv": [9.625, 13.25, 16, 14.625], "texture": "#1"},
				"up": {"uv": [2.25, 9.875, 8.375, 16], "texture": "#1"},
				"down": {"uv": [3.5, 7.5, 7.5, 11.5], "texture": "#1"}
			}
		},
		{
			"from": [7.90529, 2.24357, 7.47587],
			"to": [8.25471, 5.87139, 7.65058],
			"rotation": {"angle": 0, "axis": "y", "origin": [9.47769, 7.09437, 8.87356]},
			"faces": {
				"north": {"uv": [0, 0, 0.75, 6.375], "texture": "#1"},
				"east": {"uv": [2.25, 12, 8.625, 15.5], "texture": "#1"},
				"south": {"uv": [2.25, 12, 8.625, 15.5], "texture": "#1"},
				"west": {"uv": [2.25, 12.125, 8.625, 15.5], "texture": "#1"},
				"up": {"uv": [2.25, 9.875, 8.375, 16], "texture": "#1"},
				"down": {"uv": [0, 0.75, 0.5, 5.875], "texture": "#1"}
			}
		},
		{
			"from": [6.0404, 6.36035, 7.58683],
			"to": [10.18979, 6.45757, 8.19478],
			"rotation": {"angle": 0, "axis": "y", "origin": [9.88877, 8.41717, 9.41658]},
			"faces": {
				"north": {"uv": [10.375, 9.5, 16, 16], "texture": "#1"},
				"east": {"uv": [9.75, 14.375, 16, 16], "texture": "#1"},
				"south": {"uv": [10.5, 11, 16, 16], "texture": "#1"},
				"west": {"uv": [9.625, 13.25, 16, 14.625], "texture": "#1"},
				"up": {"uv": [10.875, 9.375, 16, 16], "texture": "#1"},
				"down": {"uv": [0, 0, 0.25, 0.25], "texture": "#1"}
			}
		},
		{
			"from": [6.0404, 6.31105, 7.52781],
			"to": [10.18979, 6.35827, 8.2389],
			"rotation": {"angle": 0, "axis": "y", "origin": [9.88877, 8.19392, 9.41658]},
			"faces": {
				"north": {"uv": [13.125, 12.875, 16, 16], "texture": "#1"},
				"east": {"uv": [9.75, 14.375, 16, 16], "texture": "#1"},
				"south": {"uv": [12.5, 12.5, 16, 16], "texture": "#1"},
				"west": {"uv": [13.25, 14.625, 16, 16], "texture": "#1"},
				"up": {"uv": [10.5, 10.875, 16, 16], "texture": "#1"},
				"down": {"uv": [11.375, 10.25, 16, 14], "texture": "#1"}
			}
		},
		{
			"from": [6.0404, 6.12218, 7.58402],
			"to": [10.18979, 6.31105, 8.16978],
			"rotation": {"angle": 0, "axis": "y", "origin": [9.88877, 8.12899, 9.88877]},
			"faces": {
				"north": {"uv": [0.25, 12.75, 8, 13.625], "texture": "#1"},
				"east": {"uv": [9.875, 13.625, 16, 16], "texture": "#1"},
				"south": {"uv": [4.25, 12.25, 8.5, 14.625], "texture": "#1"},
				"west": {"uv": [9.625, 13.25, 16, 14.625], "texture": "#1"},
				"up": {"uv": [3.375, 7.75, 6.625, 10.875], "texture": "#1"},
				"down": {"uv": [0, 0, 0.25, 0.25], "texture": "#1"}
			}
		},
		{
			"from": [6.0404, 6.06906, 7.52781],
			"to": [10.18979, 6.12218, 8.2389],
			"rotation": {"angle": 0, "axis": "y", "origin": [9.88877, 7.95782, 9.41658]},
			"faces": {
				"north": {"uv": [13.125, 12.875, 16, 16], "texture": "#1"},
				"east": {"uv": [9.875, 13.625, 16, 16], "texture": "#1"},
				"south": {"uv": [12.5, 12.5, 16, 16], "texture": "#1"},
				"west": {"uv": [13.25, 14.625, 16, 16], "texture": "#1"},
				"up": {"uv": [10.5, 10.875, 16, 16], "texture": "#1"},
				"down": {"uv": [11.375, 10.25, 16, 14], "texture": "#1"}
			}
		},
		{
			"from": [10.2904, 6.07218, 7.58683],
			"to": [10.33979, 6.43605, 8.19759],
			"rotation": {"angle": 0, "axis": "y", "origin": [13.98877, 8.12899, 9.41658]},
			"faces": {
				"north": {"uv": [12.125, 11.125, 16, 16], "texture": "#1"},
				"east": {"uv": [10.5, 9.625, 16, 16], "texture": "#1"},
				"south": {"uv": [10.25, 9.625, 16, 16], "texture": "#1"},
				"west": {"uv": [9.625, 13.25, 16, 14.625], "texture": "#1"},
				"up": {"uv": [10.5, 9.75, 16, 16], "texture": "#1"},
				"down": {"uv": [11.375, 13.25, 16, 16], "texture": "#1"}
			}
		},
		{
			"from": [10.3404, 6.07218, 7.58683],
			"to": [10.38979, 6.36105, 8.19759],
			"rotation": {"angle": 0, "axis": "y", "origin": [14.03877, 8.12899, 9.41658]},
			"faces": {
				"north": {"uv": [12.125, 11.125, 16, 16], "texture": "#1"},
				"east": {"uv": [10.5, 9.625, 16, 16], "texture": "#1"},
				"south": {"uv": [10.25, 9.625, 16, 16], "texture": "#1"},
				"west": {"uv": [9.625, 13.25, 16, 14.625], "texture": "#1"},
				"up": {"uv": [10.5, 9.75, 16, 16], "texture": "#1"},
				"down": {"uv": [11.375, 13.25, 16, 16], "texture": "#1"}
			}
		},
		{
			"from": [10.3904, 6.07218, 7.58683],
			"to": [10.43979, 6.28605, 8.19759],
			"rotation": {"angle": 0, "axis": "y", "origin": [14.08877, 8.12899, 9.41658]},
			"faces": {
				"north": {"uv": [12.125, 11.125, 16, 16], "texture": "#1"},
				"east": {"uv": [0.375, 1.875, 0, 5.125], "texture": "#1"},
				"south": {"uv": [10.25, 9.625, 16, 16], "texture": "#1"},
				"west": {"uv": [0.25, 1.75, 0, 5.375], "texture": "#1"},
				"up": {"uv": [10.5, 9.75, 16, 16], "texture": "#1"},
				"down": {"uv": [11.375, 13.25, 16, 16], "texture": "#1"}
			}
		},
		{
			"from": [10.2404, 6.07218, 7.58683],
			"to": [10.28979, 6.51105, 8.19759],
			"rotation": {"angle": 0, "axis": "y", "origin": [13.93877, 8.12899, 9.41658]},
			"faces": {
				"north": {"uv": [12.125, 11.125, 16, 16], "texture": "#1"},
				"east": {"uv": [10.5, 9.625, 16, 16], "texture": "#1"},
				"south": {"uv": [10.25, 9.625, 16, 16], "texture": "#1"},
				"west": {"uv": [9.625, 13.25, 16, 14.625], "texture": "#1"},
				"up": {"uv": [10.5, 9.75, 16, 16], "texture": "#1"},
				"down": {"uv": [11.375, 13.25, 16, 16], "texture": "#1"}
			}
		},
		{
			"from": [10.1904, 6.07218, 7.58683],
			"to": [10.23979, 6.56105, 8.19759],
			"rotation": {"angle": 0, "axis": "y", "origin": [13.88877, 8.12899, 9.41658]},
			"faces": {
				"north": {"uv": [12.125, 11.125, 16, 16], "texture": "#1"},
				"east": {"uv": [10.5, 9.625, 16, 16], "texture": "#1"},
				"south": {"uv": [10.25, 9.625, 16, 16], "texture": "#1"},
				"west": {"uv": [12, 13.25, 16, 14.625], "texture": "#1"},
				"up": {"uv": [10.5, 9.75, 16, 16], "texture": "#1"},
				"down": {"uv": [11.375, 13.25, 16, 16], "texture": "#1"}
			}
		},
		{
			"from": [5.88521, 6.07218, 7.58683],
			"to": [5.9346, 6.43605, 8.19759],
			"rotation": {"angle": 0, "axis": "y", "origin": [2.23623, 8.12899, 9.41658]},
			"faces": {
				"north": {"uv": [16, 11.75, 12.125, 16], "texture": "#1"},
				"east": {"uv": [16, 12.75, 10.625, 16], "texture": "#1"},
				"south": {"uv": [16, 10.25, 10.25, 16], "texture": "#1"},
				"west": {"uv": [16, 12.375, 10.875, 16], "texture": "#1"},
				"up": {"uv": [16, 11, 15.5, 12.5], "texture": "#1"},
				"down": {"uv": [16, 10.375, 10.625, 16], "texture": "#1"}
			}
		},
		{
			"from": [5.83521, 6.07218, 7.58683],
			"to": [5.8846, 6.36105, 8.19759],
			"rotation": {"angle": 0, "axis": "y", "origin": [2.18623, 8.12899, 9.41658]},
			"faces": {
				"north": {"uv": [16, 11.75, 12.125, 16], "texture": "#1"},
				"east": {"uv": [16, 12.75, 10.625, 16], "texture": "#1"},
				"south": {"uv": [16, 10.25, 10.25, 16], "texture": "#1"},
				"west": {"uv": [16, 12.375, 10.875, 16], "texture": "#1"},
				"up": {"uv": [16, 11, 15.5, 12.5], "texture": "#1"},
				"down": {"uv": [16, 10.375, 10.625, 16], "texture": "#1"}
			}
		},
		{
			"from": [5.78521, 6.07218, 7.58683],
			"to": [5.8346, 6.28605, 8.19759],
			"rotation": {"angle": 0, "axis": "y", "origin": [2.13623, 8.12899, 9.41658]},
			"faces": {
				"north": {"uv": [16, 11.75, 12.125, 16], "texture": "#1"},
				"east": {"uv": [0.375, 1.875, 0, 5.125], "texture": "#1"},
				"south": {"uv": [16, 10.25, 10.25, 16], "texture": "#1"},
				"west": {"uv": [0.25, 1.75, 0, 5.375], "texture": "#1"},
				"up": {"uv": [16, 11, 15.5, 12.5], "texture": "#1"},
				"down": {"uv": [16, 10.375, 10.625, 16], "texture": "#1"}
			}
		},
		{
			"from": [5.93521, 6.07218, 7.58683],
			"to": [5.9846, 6.51105, 8.19759],
			"rotation": {"angle": 0, "axis": "y", "origin": [2.28623, 8.12899, 9.41658]},
			"faces": {
				"north": {"uv": [16, 11.75, 12.125, 16], "texture": "#1"},
				"east": {"uv": [16, 12.75, 10.625, 16], "texture": "#1"},
				"south": {"uv": [16, 10.25, 10.25, 16], "texture": "#1"},
				"west": {"uv": [16, 12.375, 10.875, 16], "texture": "#1"},
				"up": {"uv": [16, 11, 15.5, 12.5], "texture": "#1"},
				"down": {"uv": [16, 10.375, 10.625, 16], "texture": "#1"}
			}
		},
		{
			"from": [5.98521, 6.07218, 7.58683],
			"to": [6.0346, 6.56105, 8.19759],
			"rotation": {"angle": 0, "axis": "y", "origin": [2.33623, 8.12899, 9.41658]},
			"faces": {
				"north": {"uv": [16, 11.75, 12.125, 16], "texture": "#1"},
				"east": {"uv": [16, 12.75, 10.625, 16], "texture": "#1"},
				"south": {"uv": [16, 10.25, 10.25, 16], "texture": "#1"},
				"west": {"uv": [16, 12.375, 10.875, 16], "texture": "#1"},
				"up": {"uv": [16, 11, 15.5, 12.5], "texture": "#1"},
				"down": {"uv": [16, 10.375, 10.625, 16], "texture": "#1"}
			}
		},
		{
			"from": [7.0404, 6.12218, 7.43683],
			"to": [9.18979, 6.31105, 7.57259],
			"rotation": {"angle": 0, "axis": "y", "origin": [9.88877, 8.12899, 9.26658]},
			"faces": {
				"north": {"uv": [0, 0, 0, 6.125], "texture": "#1"},
				"east": {"uv": [10.375, 10.125, 16, 16], "texture": "#1"},
				"south": {"uv": [3, 0, 4.75, 6.375], "texture": "#1"},
				"west": {"uv": [10.25, 11.625, 16, 16], "texture": "#1"},
				"up": {"uv": [11, 10, 16, 15.875], "texture": "#1"},
				"down": {"uv": [11.875, 13.25, 16, 16], "texture": "#1"}
			}
		},
		{
			"from": [7.6904, 6.12218, 7.33683],
			"to": [8.53979, 6.31105, 7.47259],
			"rotation": {"angle": 0, "axis": "y", "origin": [9.88877, 8.12899, 9.16658]},
			"faces": {
				"north": {"uv": [2.75, 4.75, 4.875, 5.875], "texture": "#1"},
				"east": {"uv": [10.375, 10.125, 16, 16], "texture": "#1"},
				"south": {"uv": [3, 0, 4.75, 6.375], "texture": "#1"},
				"west": {"uv": [10.25, 11.625, 16, 16], "texture": "#1"},
				"up": {"uv": [11, 10, 16, 15.875], "texture": "#1"},
				"down": {"uv": [11.875, 13.25, 16, 16], "texture": "#1"}
			}
		},
		{
			"from": [7.4292, 6.41763, 7.69099],
			"to": [8.80099, 17.92, 8.07326],
			"rotation": {"angle": 0, "axis": "y", "origin": [9.88877, 8.76437, 9.41658]},
			"faces": {
				"north": {"uv": [9.75, 5.875, 12.375, 8], "texture": "#1"},
				"east": {"uv": [4.625, 0, 4.875, 1], "texture": "#1"},
				"south": {"uv": [10, 4.375, 12.125, 8.125], "texture": "#1"},
				"west": {"uv": [4.625, 0, 5, 1], "texture": "#1"},
				"up": {"uv": [11.875, 10, 16, 16], "texture": "#1"},
				"down": {"uv": [0, 0, 0.25, 0.25], "texture": "#1"}
			}
		},
		{
			"from": [7.5292, 17.91763, 7.69099],
			"to": [8.70099, 18.02, 8.07326],
			"rotation": {"angle": 0, "axis": "y", "origin": [9.88877, 13.26437, 9.41658]},
			"faces": {
				"north": {"uv": [15.25, 0.25, 16, 0.625], "texture": "#1"},
				"east": {"uv": [4.75, 2.375, 5.125, 6.125], "texture": "#1"},
				"south": {"uv": [13.875, 4.375, 16, 6.125], "texture": "#1"},
				"west": {"uv": [4.75, 5.25, 5.25, 6.375], "texture": "#1"},
				"up": {"uv": [11.875, 10, 16, 16], "texture": "#1"},
				"down": {"uv": [0, 0, 0.25, 0.25], "texture": "#1"}
			}
		},
		{
			"from": [7.6292, 18.01763, 7.71599],
			"to": [8.60099, 18.12, 8.04826],
			"rotation": {"angle": 0, "axis": "y", "origin": [9.88877, 13.36437, 9.41658]},
			"faces": {
				"north": {"uv": [15.25, 0.25, 16, 0.625], "texture": "#1"},
				"east": {"uv": [4.75, 2.375, 5.125, 6.125], "texture": "#1"},
				"south": {"uv": [13.875, 4.375, 16, 6.125], "texture": "#1"},
				"west": {"uv": [4.75, 5.25, 5.25, 6.375], "texture": "#1"},
				"up": {"uv": [11.875, 10, 16, 16], "texture": "#1"},
				"down": {"uv": [0, 0, 0.25, 0.25], "texture": "#1"}
			}
		},
		{
			"from": [7.7292, 18.11763, 7.76599],
			"to": [8.50099, 18.22, 8.02326],
			"rotation": {"angle": 0, "axis": "y", "origin": [9.78877, 13.46437, 9.41658]},
			"faces": {
				"north": {"uv": [15.25, 0.25, 16, 0.625], "texture": "#1"},
				"east": {"uv": [4.75, 2.375, 5.125, 6.125], "texture": "#1"},
				"south": {"uv": [13.875, 4.375, 16, 6.125], "texture": "#1"},
				"west": {"uv": [4.75, 5.25, 5.25, 6.375], "texture": "#1"},
				"up": {"uv": [11.875, 10, 16, 16], "texture": "#1"},
				"down": {"uv": [0, 0, 0.25, 0.25], "texture": "#1"}
			}
		},
		{
			"from": [7.8292, 18.21763, 7.79099],
			"to": [8.40099, 18.32, 7.99826],
			"rotation": {"angle": 0, "axis": "y", "origin": [9.78877, 13.56437, 9.41658]},
			"faces": {
				"north": {"uv": [15.25, 0.25, 16, 0.625], "texture": "#1"},
				"east": {"uv": [4.75, 2.375, 5.125, 6.125], "texture": "#1"},
				"south": {"uv": [13.875, 4.375, 16, 6.125], "texture": "#1"},
				"west": {"uv": [4.75, 5.25, 5.25, 6.375], "texture": "#1"},
				"up": {"uv": [11.875, 10, 16, 16], "texture": "#1"},
				"down": {"uv": [0, 0, 0.25, 0.25], "texture": "#1"}
			}
		},
		{
			"from": [7.9292, 18.31763, 7.81599],
			"to": [8.30099, 18.42, 7.97326],
			"rotation": {"angle": 0, "axis": "y", "origin": [9.78877, 13.66437, 9.41658]},
			"faces": {
				"north": {"uv": [15.25, 0.25, 16, 0.625], "texture": "#1"},
				"east": {"uv": [4.75, 2.375, 5.125, 6.125], "texture": "#1"},
				"south": {"uv": [13.875, 4.375, 16, 6.125], "texture": "#1"},
				"west": {"uv": [4.75, 5.25, 5.25, 6.375], "texture": "#1"},
				"up": {"uv": [11.875, 10, 16, 16], "texture": "#1"},
				"down": {"uv": [0, 0, 0.25, 0.25], "texture": "#1"}
			}
		},
		{
			"from": [8.0292, 18.41763, 7.84099],
			"to": [8.20099, 18.52, 7.94826],
			"rotation": {"angle": 0, "axis": "y", "origin": [9.78877, 13.76437, 9.41658]},
			"faces": {
				"north": {"uv": [15.25, 0.25, 16, 0.625], "texture": "#1"},
				"east": {"uv": [4.75, 2.375, 5.125, 6.125], "texture": "#1"},
				"south": {"uv": [13.875, 4.375, 16, 6.125], "texture": "#1"},
				"west": {"uv": [4.75, 5.25, 5.25, 6.375], "texture": "#1"},
				"up": {"uv": [11.875, 10, 16, 16], "texture": "#1"},
				"down": {"uv": [0, 0, 0.25, 0.25], "texture": "#1"}
			}
		}
	],
	"gui_light": "front",
	"display": {
		"thirdperson_righthand": {
			"rotation": [50, 97, -16],
			"translation": [-0.25, 12, 4.5],
			"scale": [1.41, 1.8, 0.96]
		},
		"thirdperson_lefthand": {
			"rotation": [28, -91, 0],
			"translation": [-11.75, 3.25, 4],
			"scale": [1.19, 1.45, 0.99]
		},
		"firstperson_righthand": {
			"rotation": [4, 76, -21],
			"translation": [2.5, 2.75, 0.25],
			"scale": [1.6, 1.58, 0.7]
		},
		"firstperson_lefthand": {
			"rotation": [-4, 74, -11],
			"translation": [1.5, 3.5, 2.75],
			"scale": [0.99, 1.21, 0.48]
		},
		"ground": {
			"translation": [0, 1.75, 0]
		},
		"gui": {
			"rotation": [3, -180, 48],
			"translation": [-1.75, -1.5, 0],
			"scale": [1.12, 1.23, 1.55]
		},
		"head": {
			"rotation": [-112, -1, 63],
			"translation": [7.75, 0, 2.25],
			"scale": [1.14, 1.98, 1.76]
		},
		"fixed": {
			"rotation": [0, 0, 44],
			"translation": [2.25, -2.5, 0],
			"scale": [1.23, 1.6, 1]
		}
	},
	"groups": [
		{
			"name": "BASE",
			"origin": [16, 8, 8],
			"children": [0, 1, 2, 3, 4, 5, 6, 7, 8, 9]
		},
		{
			"name": "UPPER_BASE",
			"origin": [9.88877, 8.12899, 9.26658],
			"children": [10, 11, 12, 13,
				{
					"name": "LEFT_END",
					"origin": [13.88877, 8.12899, 9.41658],
					"children": [14, 15, 16, 17, 18]
				},
				{
					"name": "RIGHT_END",
					"origin": [13.88877, 8.12899, 9.41658],
					"children": [19, 20, 21, 22, 23]
				},
				{
					"name": "FRONT",
					"origin": [9.88877, 8.12899, 9.16658],
					"children": [24, 25]
				}
			]
		},
		{
			"name": "BLADE",
			"origin": [9.78877, 13.76437, 9.41658],
			"children": [26,
				{
					"name": "TIP",
					"origin": [9.78877, 13.66437, 9.41658],
					"children": [27, 28, 29, 30, 31, 32]
				}
			]
		}
	]
}