{
	"credit": "Made with Blockbench",
	"texture_size": [128, 128],
	"textures": {
		"shield_0": "blockbench/shield_0",
		"particle": "blockbench/shield_0"
	},
	"elements": [
		{
			"from": [2, 0, 1],
			"to": [3, 17.05, 1.35],
			"rotation": {"angle": 0, "axis": "y", "origin": [10, 8, 9]},
			"faces": {
				"north": {"uv": [7.125, 7.125, 14.37413, 7.74863], "texture": "#shield_0"},
				"east": {"uv": [13.49975, 13.49975, 14.62438, 15.74913], "texture": "#shield_0"},
				"south": {"uv": [10.74988, 10.74988, 11.49788, 11.24925], "texture": "#shield_0"},
				"west": {"uv": [10.87488, 9.99975, 11.37375, 11.99875], "texture": "#shield_0"},
				"up": {"uv": [1.87488, 10.625, 5.62413, 12.87438], "texture": "#shield_0"},
				"down": {"uv": [0, 0, 0.125, 0.125], "texture": "#shield_0"}
			}
		},
		{
			"from": [3, -4.2, 1],
			"to": [4, 17.75, 1.6],
			"rotation": {"angle": 0, "axis": "y", "origin": [11, 8, 9]},
			"faces": {
				"north": {"uv": [7.125, 7.125, 14.37413, 7.74863], "texture": "#shield_0"},
				"east": {"uv": [13.49975, 13.49975, 14.62438, 15.74913], "texture": "#shield_0"},
				"south": {"uv": [10.74988, 10.74988, 11.49788, 11.24925], "texture": "#shield_0"},
				"west": {"uv": [10.87488, 9.99975, 11.37375, 11.99875], "texture": "#shield_0"},
				"up": {"uv": [1.87488, 10.625, 5.62413, 12.87438], "texture": "#shield_0"},
				"down": {"uv": [0, 0, 0.125, 0.125], "texture": "#shield_0"}
			}
		},
		{
			"from": [4, -4.3, 1],
			"to": [5, 18.35, 1.9],
			"rotation": {"angle": 0, "axis": "y", "origin": [12, 8, 9]},
			"faces": {
				"north": {"uv": [7.125, 7.125, 14.37413, 7.74863], "texture": "#shield_0"},
				"east": {"uv": [9.75, 8.49963, 12.4995, 8.74837], "texture": "#shield_0"},
				"south": {"uv": [9.37475, 7.8735, 9.49963, 7.9985], "texture": "#shield_0"},
				"west": {"uv": [9.87487, 8.5, 12.49913, 8.74875], "texture": "#shield_0"},
				"up": {"uv": [1.87488, 10.625, 5.62413, 12.87438], "texture": "#shield_0"},
				"down": {"uv": [0, 0, 0.125, 0.125], "texture": "#shield_0"}
			}
		},
		{
			"from": [11, -4.3, 1],
			"to": [12, 18.35, 1.9],
			"rotation": {"angle": 0, "axis": "y", "origin": [19, 8, 9]},
			"faces": {
				"north": {"uv": [7.125, 7.125, 14.37413, 7.74863], "texture": "#shield_0"},
				"east": {"uv": [9.75, 8.49963, 12.4995, 8.74837], "texture": "#shield_0"},
				"south": {"uv": [9.37475, 7.8735, 9.49963, 7.9985], "texture": "#shield_0"},
				"west": {"uv": [9.87487, 8.5, 12.49913, 8.74875], "texture": "#shield_0"},
				"up": {"uv": [1.87488, 10.625, 5.62413, 12.87438], "texture": "#shield_0"},
				"down": {"uv": [0, 0, 0.125, 0.125], "texture": "#shield_0"}
			}
		},
		{
			"from": [4, -3.05, 0.925],
			"to": [5, 15.425, 0.975],
			"rotation": {"angle": 0, "axis": "y", "origin": [13, 2.1, 7.975]},
			"faces": {
				"north": {"uv": [10.75, 10.375, 11.37438, 11.49838], "texture": "#shield_0"},
				"east": {"uv": [0, 0, 0.125, 0.125], "texture": "#shield_0"},
				"south": {"uv": [0, 0, 0.125, 0.125], "texture": "#shield_0"},
				"west": {"uv": [0, 0, 0.125, 0.125], "texture": "#shield_0"},
				"up": {"uv": [0, 0, 0.125, 0.125], "texture": "#shield_0"},
				"down": {"uv": [0, 0, 0.125, 0.125], "texture": "#shield_0"}
			}
		},
		{
			"from": [4, -3.05, 0.6],
			"to": [5, 15.425, 0.65],
			"rotation": {"angle": 0, "axis": "y", "origin": [13, 2.1, 7.65]},
			"faces": {
				"north": {"uv": [10.75, 10.375, 11.37438, 11.49838], "texture": "#shield_0"},
				"east": {"uv": [0, 0, 0.125, 0.125], "texture": "#shield_0"},
				"south": {"uv": [0, 0, 0.125, 0.125], "texture": "#shield_0"},
				"west": {"uv": [0, 0, 0.125, 0.125], "texture": "#shield_0"},
				"up": {"uv": [0, 0, 0.125, 0.125], "texture": "#shield_0"},
				"down": {"uv": [0, 0, 0.125, 0.125], "texture": "#shield_0"}
			}
		},
		{
			"from": [11, -3.05, 0.925],
			"to": [12, 15.425, 0.975],
			"rotation": {"angle": 0, "axis": "y", "origin": [20, 2.1, 7.975]},
			"faces": {
				"north": {"uv": [10.75, 10.375, 11.37438, 11.49838], "texture": "#shield_0"},
				"east": {"uv": [0, 0, 0.125, 0.125], "texture": "#shield_0"},
				"south": {"uv": [0, 0, 0.125, 0.125], "texture": "#shield_0"},
				"west": {"uv": [0, 0, 0.125, 0.125], "texture": "#shield_0"},
				"up": {"uv": [0, 0, 0.125, 0.125], "texture": "#shield_0"},
				"down": {"uv": [0, 0, 0.125, 0.125], "texture": "#shield_0"}
			}
		},
		{
			"from": [11, -3.05, 0.6],
			"to": [12, 15.425, 0.65],
			"rotation": {"angle": 0, "axis": "y", "origin": [20, 2.1, 7.65]},
			"faces": {
				"north": {"uv": [10.75, 10.375, 11.37438, 11.49838], "texture": "#shield_0"},
				"east": {"uv": [0, 0, 0.125, 0.125], "texture": "#shield_0"},
				"south": {"uv": [0, 0, 0.125, 0.125], "texture": "#shield_0"},
				"west": {"uv": [0, 0, 0.125, 0.125], "texture": "#shield_0"},
				"up": {"uv": [0, 0, 0.125, 0.125], "texture": "#shield_0"},
				"down": {"uv": [0, 0, 0.125, 0.125], "texture": "#shield_0"}
			}
		},
		{
			"from": [13, 0, 1],
			"to": [14, 17.05, 1.35],
			"rotation": {"angle": 0, "axis": "y", "origin": [21, 8, 9]},
			"faces": {
				"north": {"uv": [7.125, 7.125, 14.37413, 7.74863], "texture": "#shield_0"},
				"east": {"uv": [10.74988, 10.12487, 11.24875, 11.87313], "texture": "#shield_0"},
				"south": {"uv": [10.74988, 10.74988, 11.49788, 11.24925], "texture": "#shield_0"},
				"west": {"uv": [10.87488, 9.99975, 11.37375, 11.99875], "texture": "#shield_0"},
				"up": {"uv": [1.87488, 10.625, 5.62413, 12.87438], "texture": "#shield_0"},
				"down": {"uv": [0, 0, 0.125, 0.125], "texture": "#shield_0"}
			}
		},
		{
			"from": [12, -4.2, 1],
			"to": [13, 17.75, 1.6],
			"rotation": {"angle": 0, "axis": "y", "origin": [20, 8, 9]},
			"faces": {
				"north": {"uv": [7.125, 7.125, 14.37413, 7.74863], "texture": "#shield_0"},
				"east": {"uv": [10.74988, 10.12487, 11.24875, 11.87313], "texture": "#shield_0"},
				"south": {"uv": [10.74988, 10.74988, 11.49788, 11.24925], "texture": "#shield_0"},
				"west": {"uv": [10.87488, 9.99975, 11.37375, 11.99875], "texture": "#shield_0"},
				"up": {"uv": [1.87488, 10.625, 5.62413, 12.87438], "texture": "#shield_0"},
				"down": {"uv": [0, 0, 0.125, 0.125], "texture": "#shield_0"}
			}
		},
		{
			"name": "FRONT TOP",
			"from": [6, 14.4, 0],
			"to": [10, 17.85, 1],
			"rotation": {"angle": 0, "axis": "y", "origin": [18, 8.1, 8]},
			"faces": {
				"north": {"uv": [7.8745, 6.37475, 14.49738, 8.17788], "texture": "#shield_0"},
				"east": {"uv": [10.74988, 10.24987, 11.3735, 11.8745], "texture": "#shield_0"},
				"south": {"uv": [8.62475, 12.12475, 8.74963, 12.24963], "texture": "#shield_0"},
				"west": {"uv": [10.74988, 10.24987, 11.49938, 11.74963], "texture": "#shield_0"},
				"up": {"uv": [7.37463, 6.37475, 14.999, 8.24912], "texture": "#shield_0"},
				"down": {"uv": [8.375, 6.37475, 13.74938, 8.12375], "texture": "#shield_0"}
			}
		},
		{
			"from": [6, 8.4, 0],
			"to": [10, 11.85, 1],
			"rotation": {"angle": 0, "axis": "y", "origin": [18, 2.1, 8]},
			"faces": {
				"north": {"uv": [7.8745, 6.49963, 14.49738, 8.17788], "texture": "#shield_0"},
				"east": {"uv": [10.74988, 10.24987, 11.3735, 11.8745], "texture": "#shield_0"},
				"south": {"uv": [0, 0, 0.125, 0.125], "texture": "#shield_0"},
				"west": {"uv": [10.74988, 10.24987, 11.49938, 11.74963], "texture": "#shield_0"},
				"up": {"uv": [7.37463, 6.37475, 14.999, 8.24912], "texture": "#shield_0"},
				"down": {"uv": [8.375, 6.37475, 13.74938, 8.12375], "texture": "#shield_0"}
			}
		},
		{
			"from": [6, 2.4, 0],
			"to": [10, 5.85, 1],
			"rotation": {"angle": 0, "axis": "y", "origin": [18, -3.9, 8]},
			"faces": {
				"north": {"uv": [7.8745, 6.49963, 14.49738, 8.17788], "texture": "#shield_0"},
				"east": {"uv": [10.74988, 10.24987, 11.3735, 11.8745], "texture": "#shield_0"},
				"south": {"uv": [0, 0, 0.125, 0.125], "texture": "#shield_0"},
				"west": {"uv": [10.74988, 10.24987, 11.49938, 11.74963], "texture": "#shield_0"},
				"up": {"uv": [7.37463, 6.37475, 14.999, 8.24912], "texture": "#shield_0"},
				"down": {"uv": [8.375, 6.37475, 13.74938, 8.12375], "texture": "#shield_0"}
			}
		},
		{
			"from": [6, -3.6, 0],
			"to": [10, -0.15, 1],
			"rotation": {"angle": 0, "axis": "y", "origin": [18, -9.9, 8]},
			"faces": {
				"north": {"uv": [7.8745, 6.37475, 14.49738, 8.0525], "texture": "#shield_0"},
				"east": {"uv": [10.74988, 10.24987, 11.3735, 11.8745], "texture": "#shield_0"},
				"south": {"uv": [0, 0, 0.125, 0.125], "texture": "#shield_0"},
				"west": {"uv": [10.74988, 10.24987, 11.49938, 11.74963], "texture": "#shield_0"},
				"up": {"uv": [7.37463, 6.37475, 14.999, 8.24912], "texture": "#shield_0"},
				"down": {"uv": [8.375, 6.37475, 13.74938, 8.12375], "texture": "#shield_0"}
			}
		},
		{
			"from": [10, 13.75, 0.225],
			"to": [10.7, 15.05, 0.35],
			"rotation": {"angle": 0, "axis": "y", "origin": [19, 18.9, 7.35]},
			"faces": {
				"north": {"uv": [10.62488, 9.87487, 11.49875, 12.24813], "texture": "#shield_0"},
				"east": {"uv": [10.6245, 9.8745, 11.4985, 12.24875], "texture": "#shield_0"},
				"south": {"uv": [0, 0, 0.125, 0.125], "texture": "#shield_0"},
				"west": {"uv": [10.74988, 9.87487, 11.374, 12.249], "texture": "#shield_0"},
				"up": {"uv": [10.625, 10.49963, 11.37463, 11.49888], "texture": "#shield_0"},
				"down": {"uv": [10.625, 10.74988, 11.37463, 11.62425], "texture": "#shield_0"}
			}
		},
		{
			"from": [5.2, 13.75, 0.225],
			"to": [5.9, 15.05, 0.35],
			"rotation": {"angle": 0, "axis": "y", "origin": [14.2, 18.9, 7.35]},
			"faces": {
				"north": {"uv": [10.62488, 9.87487, 11.49875, 12.24813], "texture": "#shield_0"},
				"east": {"uv": [10.6245, 9.8745, 11.4985, 12.24875], "texture": "#shield_0"},
				"south": {"uv": [0, 0, 0.125, 0.125], "texture": "#shield_0"},
				"west": {"uv": [10.74988, 9.87487, 11.374, 12.249], "texture": "#shield_0"},
				"up": {"uv": [10.625, 10.49963, 11.37463, 11.49888], "texture": "#shield_0"},
				"down": {"uv": [10.625, 10.74988, 11.37463, 11.62425], "texture": "#shield_0"}
			}
		},
		{
			"from": [5.2, 16.95, 0.225],
			"to": [5.9, 18.25, 0.35],
			"rotation": {"angle": 0, "axis": "y", "origin": [14.2, 22.1, 7.35]},
			"faces": {
				"north": {"uv": [10.62488, 9.87487, 11.49875, 12.24813], "texture": "#shield_0"},
				"east": {"uv": [10.6245, 9.8745, 11.4985, 12.24875], "texture": "#shield_0"},
				"south": {"uv": [0, 0, 0.125, 0.125], "texture": "#shield_0"},
				"west": {"uv": [10.74988, 9.87487, 11.374, 12.249], "texture": "#shield_0"},
				"up": {"uv": [10.625, 10.49963, 11.37463, 11.49888], "texture": "#shield_0"},
				"down": {"uv": [10.625, 10.74988, 11.37463, 11.62425], "texture": "#shield_0"}
			}
		},
		{
			"from": [10, 16.95, 0.225],
			"to": [10.7, 18.25, 0.35],
			"rotation": {"angle": 0, "axis": "y", "origin": [19, 22.1, 7.35]},
			"faces": {
				"north": {"uv": [10.62488, 9.87487, 11.49875, 12.24813], "texture": "#shield_0"},
				"east": {"uv": [10.6245, 9.8745, 11.4985, 12.24875], "texture": "#shield_0"},
				"south": {"uv": [0, 0, 0.125, 0.125], "texture": "#shield_0"},
				"west": {"uv": [10.74988, 9.87487, 11.374, 12.249], "texture": "#shield_0"},
				"up": {"uv": [10.625, 10.49963, 11.37463, 11.49888], "texture": "#shield_0"},
				"down": {"uv": [10.625, 10.74988, 11.37463, 11.62425], "texture": "#shield_0"}
			}
		},
		{
			"from": [10, 10.95, 0.225],
			"to": [10.7, 12.25, 0.35],
			"rotation": {"angle": 0, "axis": "y", "origin": [19, 16.1, 7.35]},
			"faces": {
				"north": {"uv": [10.62488, 9.87487, 11.49875, 12.24813], "texture": "#shield_0"},
				"east": {"uv": [10.6245, 9.8745, 11.4985, 12.24875], "texture": "#shield_0"},
				"south": {"uv": [0, 0, 0.125, 0.125], "texture": "#shield_0"},
				"west": {"uv": [10.74988, 9.87487, 11.374, 12.249], "texture": "#shield_0"},
				"up": {"uv": [10.625, 10.49963, 11.37463, 11.49888], "texture": "#shield_0"},
				"down": {"uv": [10.625, 10.74988, 11.37463, 11.62425], "texture": "#shield_0"}
			}
		},
		{
			"from": [5.2, 10.95, 0.225],
			"to": [5.9, 12.25, 0.35],
			"rotation": {"angle": 0, "axis": "y", "origin": [14.2, 16.1, 7.35]},
			"faces": {
				"north": {"uv": [10.62488, 9.87487, 11.49875, 12.24813], "texture": "#shield_0"},
				"east": {"uv": [10.6245, 9.8745, 11.4985, 12.24875], "texture": "#shield_0"},
				"south": {"uv": [0, 0, 0.125, 0.125], "texture": "#shield_0"},
				"west": {"uv": [10.74988, 9.87487, 11.374, 12.249], "texture": "#shield_0"},
				"up": {"uv": [10.625, 10.49963, 11.37463, 11.49888], "texture": "#shield_0"},
				"down": {"uv": [10.625, 10.74988, 11.37463, 11.62425], "texture": "#shield_0"}
			}
		},
		{
			"from": [5.2, 7.75, 0.225],
			"to": [5.9, 9.05, 0.35],
			"rotation": {"angle": 0, "axis": "y", "origin": [14.2, 12.9, 7.35]},
			"faces": {
				"north": {"uv": [10.62488, 9.87487, 11.49875, 12.24813], "texture": "#shield_0"},
				"east": {"uv": [10.6245, 9.8745, 11.4985, 12.24875], "texture": "#shield_0"},
				"south": {"uv": [0, 0, 0.125, 0.125], "texture": "#shield_0"},
				"west": {"uv": [10.74988, 9.87487, 11.374, 12.249], "texture": "#shield_0"},
				"up": {"uv": [10.625, 10.49963, 11.37463, 11.49888], "texture": "#shield_0"},
				"down": {"uv": [10.625, 10.74988, 11.37463, 11.62425], "texture": "#shield_0"}
			}
		},
		{
			"from": [10, 7.75, 0.225],
			"to": [10.7, 9.05, 0.35],
			"rotation": {"angle": 0, "axis": "y", "origin": [19, 12.9, 7.35]},
			"faces": {
				"north": {"uv": [10.62488, 9.87487, 11.49875, 12.24813], "texture": "#shield_0"},
				"east": {"uv": [10.6245, 9.8745, 11.4985, 12.24875], "texture": "#shield_0"},
				"south": {"uv": [0, 0, 0.125, 0.125], "texture": "#shield_0"},
				"west": {"uv": [10.74988, 9.87487, 11.374, 12.249], "texture": "#shield_0"},
				"up": {"uv": [10.625, 10.49963, 11.37463, 11.49888], "texture": "#shield_0"},
				"down": {"uv": [10.625, 10.74988, 11.37463, 11.62425], "texture": "#shield_0"}
			}
		},
		{
			"from": [10, 4.95, 0.225],
			"to": [10.7, 6.25, 0.35],
			"rotation": {"angle": 0, "axis": "y", "origin": [19, 10.1, 7.35]},
			"faces": {
				"north": {"uv": [10.62488, 9.87487, 11.49875, 12.24813], "texture": "#shield_0"},
				"east": {"uv": [10.6245, 9.8745, 11.4985, 12.24875], "texture": "#shield_0"},
				"south": {"uv": [0, 0, 0.125, 0.125], "texture": "#shield_0"},
				"west": {"uv": [10.74988, 9.87487, 11.374, 12.249], "texture": "#shield_0"},
				"up": {"uv": [10.625, 10.49963, 11.37463, 11.49888], "texture": "#shield_0"},
				"down": {"uv": [10.625, 10.74988, 11.37463, 11.62425], "texture": "#shield_0"}
			}
		},
		{
			"from": [5.2, 4.95, 0.225],
			"to": [5.9, 6.25, 0.35],
			"rotation": {"angle": 0, "axis": "y", "origin": [14.2, 10.1, 7.35]},
			"faces": {
				"north": {"uv": [10.62488, 9.87487, 11.49875, 12.24813], "texture": "#shield_0"},
				"east": {"uv": [10.6245, 9.8745, 11.4985, 12.24875], "texture": "#shield_0"},
				"south": {"uv": [0, 0, 0.125, 0.125], "texture": "#shield_0"},
				"west": {"uv": [10.74988, 9.87487, 11.374, 12.249], "texture": "#shield_0"},
				"up": {"uv": [10.625, 10.49963, 11.37463, 11.49888], "texture": "#shield_0"},
				"down": {"uv": [10.625, 10.74988, 11.37463, 11.62425], "texture": "#shield_0"}
			}
		},
		{
			"from": [5.2, 1.75, 0.225],
			"to": [5.9, 3.05, 0.35],
			"rotation": {"angle": 0, "axis": "y", "origin": [14.2, 6.9, 7.35]},
			"faces": {
				"north": {"uv": [10.62488, 9.87487, 11.49875, 12.24813], "texture": "#shield_0"},
				"east": {"uv": [10.6245, 9.8745, 11.4985, 12.24875], "texture": "#shield_0"},
				"south": {"uv": [0, 0, 0.125, 0.125], "texture": "#shield_0"},
				"west": {"uv": [10.74988, 9.87487, 11.374, 12.249], "texture": "#shield_0"},
				"up": {"uv": [10.625, 10.49963, 11.37463, 11.49888], "texture": "#shield_0"},
				"down": {"uv": [10.625, 10.74988, 11.37463, 11.62425], "texture": "#shield_0"}
			}
		},
		{
			"from": [10, 1.75, 0.225],
			"to": [10.7, 3.05, 0.35],
			"rotation": {"angle": 0, "axis": "y", "origin": [19, 6.9, 7.35]},
			"faces": {
				"north": {"uv": [10.62488, 9.87487, 11.49875, 12.24813], "texture": "#shield_0"},
				"east": {"uv": [10.6245, 9.8745, 11.4985, 12.24875], "texture": "#shield_0"},
				"south": {"uv": [0, 0, 0.125, 0.125], "texture": "#shield_0"},
				"west": {"uv": [10.74988, 9.87487, 11.374, 12.249], "texture": "#shield_0"},
				"up": {"uv": [10.625, 10.49963, 11.37463, 11.49888], "texture": "#shield_0"},
				"down": {"uv": [10.625, 10.74988, 11.37463, 11.62425], "texture": "#shield_0"}
			}
		},
		{
			"from": [10, -1.05, 0.225],
			"to": [10.7, 0.25, 0.35],
			"rotation": {"angle": 0, "axis": "y", "origin": [19, 4.1, 7.35]},
			"faces": {
				"north": {"uv": [10.62488, 9.87487, 11.49875, 12.24813], "texture": "#shield_0"},
				"east": {"uv": [10.6245, 9.8745, 11.4985, 12.24875], "texture": "#shield_0"},
				"south": {"uv": [0, 0, 0.125, 0.125], "texture": "#shield_0"},
				"west": {"uv": [10.74988, 9.87487, 11.374, 12.249], "texture": "#shield_0"},
				"up": {"uv": [10.625, 10.49963, 11.37463, 11.49888], "texture": "#shield_0"},
				"down": {"uv": [10.625, 10.74988, 11.37463, 11.62425], "texture": "#shield_0"}
			}
		},
		{
			"from": [5.2, -1.05, 0.225],
			"to": [5.9, 0.25, 0.35],
			"rotation": {"angle": 0, "axis": "y", "origin": [14.2, 4.1, 7.35]},
			"faces": {
				"north": {"uv": [10.62488, 9.87487, 11.49875, 12.24813], "texture": "#shield_0"},
				"east": {"uv": [10.6245, 9.8745, 11.4985, 12.24875], "texture": "#shield_0"},
				"south": {"uv": [0, 0, 0.125, 0.125], "texture": "#shield_0"},
				"west": {"uv": [10.74988, 9.87487, 11.374, 12.249], "texture": "#shield_0"},
				"up": {"uv": [10.625, 10.49963, 11.37463, 11.49888], "texture": "#shield_0"},
				"down": {"uv": [10.625, 10.74988, 11.37463, 11.62425], "texture": "#shield_0"}
			}
		},
		{
			"from": [5.2, -4.25, 0.225],
			"to": [5.9, -2.95, 0.35],
			"rotation": {"angle": 0, "axis": "y", "origin": [14.2, 0.9, 7.35]},
			"faces": {
				"north": {"uv": [10.62488, 9.87487, 11.49875, 12.24813], "texture": "#shield_0"},
				"east": {"uv": [10.6245, 9.8745, 11.4985, 12.24875], "texture": "#shield_0"},
				"south": {"uv": [0, 0, 0.125, 0.125], "texture": "#shield_0"},
				"west": {"uv": [10.74988, 9.87487, 11.374, 12.249], "texture": "#shield_0"},
				"up": {"uv": [10.625, 10.49963, 11.37463, 11.49888], "texture": "#shield_0"},
				"down": {"uv": [10.625, 10.74988, 11.37463, 11.62425], "texture": "#shield_0"}
			}
		},
		{
			"from": [10, -4.25, 0.225],
			"to": [10.7, -2.95, 0.35],
			"rotation": {"angle": 0, "axis": "y", "origin": [19, 0.9, 7.35]},
			"faces": {
				"north": {"uv": [10.62488, 9.87487, 11.49875, 12.24813], "texture": "#shield_0"},
				"east": {"uv": [10.6245, 9.8745, 11.4985, 12.24875], "texture": "#shield_0"},
				"south": {"uv": [0, 0, 0.125, 0.125], "texture": "#shield_0"},
				"west": {"uv": [10.74988, 9.87487, 11.374, 12.249], "texture": "#shield_0"},
				"up": {"uv": [10.625, 10.49963, 11.37463, 11.49888], "texture": "#shield_0"},
				"down": {"uv": [10.625, 10.74988, 11.37463, 11.62425], "texture": "#shield_0"}
			}
		},
		{
			"from": [5.2, 13.75, 0.375],
			"to": [5.9, 18.325, 1],
			"rotation": {"angle": 0, "axis": "y", "origin": [14.2, 18.9, 8]},
			"faces": {
				"north": {"uv": [10.49988, 6.875, 11.87288, 7.24838], "texture": "#shield_0"},
				"east": {"uv": [10.87463, 9.99963, 11.24925, 11.99938], "texture": "#shield_0"},
				"south": {"uv": [0, 0, 0.125, 0.125], "texture": "#shield_0"},
				"west": {"uv": [10.87463, 10.24987, 11.374, 11.8745], "texture": "#shield_0"},
				"up": {"uv": [10.87463, 10.37475, 11.374, 11.74913], "texture": "#shield_0"},
				"down": {"uv": [10.74988, 10.24987, 11.374, 11.99938], "texture": "#shield_0"}
			}
		},
		{
			"from": [10, 7.75, 0.375],
			"to": [10.7, 12.325, 1],
			"rotation": {"angle": 0, "axis": "y", "origin": [19, 12.9, 8]},
			"faces": {
				"north": {"uv": [10.49988, 6.875, 11.87288, 7.24838], "texture": "#shield_0"},
				"east": {"uv": [10.87463, 9.99963, 11.24925, 11.99938], "texture": "#shield_0"},
				"south": {"uv": [0, 0, 0.125, 0.125], "texture": "#shield_0"},
				"west": {"uv": [10.87463, 10.24987, 11.374, 11.8745], "texture": "#shield_0"},
				"up": {"uv": [10.87463, 10.37475, 11.374, 11.74913], "texture": "#shield_0"},
				"down": {"uv": [10.74988, 10.24987, 11.374, 11.99938], "texture": "#shield_0"}
			}
		},
		{
			"from": [5.2, 7.75, 0.375],
			"to": [5.9, 12.325, 1],
			"rotation": {"angle": 0, "axis": "y", "origin": [14.2, 12.9, 8]},
			"faces": {
				"north": {"uv": [10.49988, 6.875, 11.87288, 7.24838], "texture": "#shield_0"},
				"east": {"uv": [10.87463, 9.99963, 11.24925, 11.99938], "texture": "#shield_0"},
				"south": {"uv": [0, 0, 0.125, 0.125], "texture": "#shield_0"},
				"west": {"uv": [10.87463, 10.24987, 11.374, 11.8745], "texture": "#shield_0"},
				"up": {"uv": [10.87463, 10.37475, 11.374, 11.74913], "texture": "#shield_0"},
				"down": {"uv": [10.74988, 10.24987, 11.374, 11.99938], "texture": "#shield_0"}
			}
		},
		{
			"from": [10, 1.75, 0.375],
			"to": [10.7, 6.325, 1],
			"rotation": {"angle": 0, "axis": "y", "origin": [19, 6.9, 8]},
			"faces": {
				"north": {"uv": [10.49988, 6.875, 11.87288, 7.24838], "texture": "#shield_0"},
				"east": {"uv": [10.87463, 9.99963, 11.24925, 11.99938], "texture": "#shield_0"},
				"south": {"uv": [0, 0, 0.125, 0.125], "texture": "#shield_0"},
				"west": {"uv": [10.87463, 10.24987, 11.374, 11.8745], "texture": "#shield_0"},
				"up": {"uv": [10.87463, 10.37475, 11.374, 11.74913], "texture": "#shield_0"},
				"down": {"uv": [10.74988, 10.24987, 11.374, 11.99938], "texture": "#shield_0"}
			}
		},
		{
			"from": [5.2, 1.75, 0.375],
			"to": [5.9, 6.325, 1],
			"rotation": {"angle": 0, "axis": "y", "origin": [14.2, 6.9, 8]},
			"faces": {
				"north": {"uv": [10.49988, 6.875, 11.87288, 7.24838], "texture": "#shield_0"},
				"east": {"uv": [10.87463, 9.99963, 11.24925, 11.99938], "texture": "#shield_0"},
				"south": {"uv": [0, 0, 0.125, 0.125], "texture": "#shield_0"},
				"west": {"uv": [10.87463, 10.24987, 11.374, 11.8745], "texture": "#shield_0"},
				"up": {"uv": [10.87463, 10.37475, 11.374, 11.74913], "texture": "#shield_0"},
				"down": {"uv": [10.74988, 10.24987, 11.374, 11.99938], "texture": "#shield_0"}
			}
		},
		{
			"from": [10, -4.25, 0.375],
			"to": [10.7, 0.325, 1],
			"rotation": {"angle": 0, "axis": "y", "origin": [19, 0.9, 8]},
			"faces": {
				"north": {"uv": [10.49988, 6.875, 11.87288, 7.24838], "texture": "#shield_0"},
				"east": {"uv": [10.87463, 9.99963, 11.24925, 11.99938], "texture": "#shield_0"},
				"south": {"uv": [0, 0, 0.125, 0.125], "texture": "#shield_0"},
				"west": {"uv": [10.87463, 10.24987, 11.374, 11.8745], "texture": "#shield_0"},
				"up": {"uv": [10.87463, 10.37475, 11.374, 11.74913], "texture": "#shield_0"},
				"down": {"uv": [10.74988, 10.24987, 11.374, 11.99938], "texture": "#shield_0"}
			}
		},
		{
			"from": [10, 13.75, 0.375],
			"to": [10.7, 18.325, 1],
			"rotation": {"angle": 0, "axis": "y", "origin": [19, 18.9, 8]},
			"faces": {
				"north": {"uv": [10.49988, 6.875, 11.87288, 7.24838], "texture": "#shield_0"},
				"east": {"uv": [10.87463, 9.99963, 11.24925, 11.99938], "texture": "#shield_0"},
				"south": {"uv": [0, 0, 0.125, 0.125], "texture": "#shield_0"},
				"west": {"uv": [10.87463, 10.24987, 11.374, 11.8745], "texture": "#shield_0"},
				"up": {"uv": [10.87463, 10.37475, 11.374, 11.74913], "texture": "#shield_0"},
				"down": {"uv": [10.74988, 10.24987, 11.374, 11.99938], "texture": "#shield_0"}
			}
		},
		{
			"from": [5.2, -4.25, 0.375],
			"to": [5.9, 0.325, 1],
			"rotation": {"angle": 0, "axis": "y", "origin": [14.2, 0.9, 8]},
			"faces": {
				"north": {"uv": [10.49988, 6.875, 11.87288, 7.24838], "texture": "#shield_0"},
				"east": {"uv": [10.87463, 9.99963, 11.24925, 11.99938], "texture": "#shield_0"},
				"south": {"uv": [0, 0, 0.125, 0.125], "texture": "#shield_0"},
				"west": {"uv": [10.87463, 10.24987, 11.374, 11.8745], "texture": "#shield_0"},
				"up": {"uv": [10.87463, 10.37475, 11.374, 11.74913], "texture": "#shield_0"},
				"down": {"uv": [10.74988, 10.24987, 11.374, 11.99938], "texture": "#shield_0"}
			}
		},
		{
			"from": [6, -0.1, 0.8],
			"to": [10, 0.15, 1],
			"rotation": {"angle": 0, "axis": "y", "origin": [18, -6.4, 8]},
			"faces": {
				"north": {"uv": [10.74988, 9.87487, 11.373, 12.248], "texture": "#shield_0"},
				"east": {"uv": [10.74988, 10.37475, 11.37463, 11.62425], "texture": "#shield_0"},
				"south": {"uv": [10.74988, 6.74988, 11.62425, 7.74913], "texture": "#shield_0"},
				"west": {"uv": [10.74988, 10.1245, 11.37463, 11.74913], "texture": "#shield_0"},
				"up": {"uv": [10.74988, 9.99963, 11.37463, 11.99938], "texture": "#shield_0"},
				"down": {"uv": [10.74988, 10.24987, 11.37463, 11.8745], "texture": "#shield_0"}
			}
		},
		{
			"from": [6, -3.9, 0.8],
			"to": [10, -3.65, 1],
			"rotation": {"angle": 0, "axis": "y", "origin": [18, -10.2, 8]},
			"faces": {
				"north": {"uv": [10.74988, 9.87487, 11.373, 12.248], "texture": "#shield_0"},
				"east": {"uv": [10.74988, 10.37475, 11.37463, 11.62425], "texture": "#shield_0"},
				"south": {"uv": [10.74988, 6.74988, 11.62425, 7.74913], "texture": "#shield_0"},
				"west": {"uv": [10.74988, 10.1245, 11.37463, 11.74913], "texture": "#shield_0"},
				"up": {"uv": [10.74988, 9.99963, 11.37463, 11.99938], "texture": "#shield_0"},
				"down": {"uv": [10.74988, 10.24987, 11.37463, 11.8745], "texture": "#shield_0"}
			}
		},
		{
			"from": [6, 5.9, 0.8],
			"to": [10, 6.15, 1],
			"rotation": {"angle": 0, "axis": "y", "origin": [18, -0.4, 8]},
			"faces": {
				"north": {"uv": [10.74988, 9.87487, 11.373, 12.248], "texture": "#shield_0"},
				"east": {"uv": [10.74988, 10.37475, 11.37463, 11.62425], "texture": "#shield_0"},
				"south": {"uv": [10.74988, 6.74988, 11.62425, 7.74913], "texture": "#shield_0"},
				"west": {"uv": [10.74988, 10.1245, 11.37463, 11.74913], "texture": "#shield_0"},
				"up": {"uv": [10.74988, 9.99963, 11.37463, 11.99938], "texture": "#shield_0"},
				"down": {"uv": [10.74988, 10.24987, 11.37463, 11.8745], "texture": "#shield_0"}
			}
		},
		{
			"from": [6, 2.1, 0.8],
			"to": [10, 2.35, 1],
			"rotation": {"angle": 0, "axis": "y", "origin": [18, -4.2, 8]},
			"faces": {
				"north": {"uv": [10.74988, 9.87487, 11.373, 12.248], "texture": "#shield_0"},
				"east": {"uv": [10.74988, 10.37475, 11.37463, 11.62425], "texture": "#shield_0"},
				"south": {"uv": [10.74988, 6.74988, 11.62425, 7.74913], "texture": "#shield_0"},
				"west": {"uv": [10.74988, 10.1245, 11.37463, 11.74913], "texture": "#shield_0"},
				"up": {"uv": [10.74988, 9.99963, 11.37463, 11.99938], "texture": "#shield_0"},
				"down": {"uv": [10.74988, 10.24987, 11.37463, 11.8745], "texture": "#shield_0"}
			}
		},
		{
			"from": [6, 11.9, 0.8],
			"to": [10, 12.15, 1],
			"rotation": {"angle": 0, "axis": "y", "origin": [18, 5.6, 8]},
			"faces": {
				"north": {"uv": [10.74988, 9.87487, 11.373, 12.248], "texture": "#shield_0"},
				"east": {"uv": [10.74988, 10.37475, 11.37463, 11.62425], "texture": "#shield_0"},
				"south": {"uv": [10.74988, 6.74988, 11.62425, 7.74913], "texture": "#shield_0"},
				"west": {"uv": [10.74988, 10.1245, 11.37463, 11.74913], "texture": "#shield_0"},
				"up": {"uv": [10.74988, 9.99963, 11.37463, 11.99938], "texture": "#shield_0"},
				"down": {"uv": [10.74988, 10.24987, 11.37463, 11.8745], "texture": "#shield_0"}
			}
		},
		{
			"from": [6, 8.1, 0.8],
			"to": [10, 8.35, 1],
			"rotation": {"angle": 0, "axis": "y", "origin": [18, 1.8, 8]},
			"faces": {
				"north": {"uv": [10.74988, 9.87487, 11.373, 12.248], "texture": "#shield_0"},
				"east": {"uv": [10.74988, 10.37475, 11.37463, 11.62425], "texture": "#shield_0"},
				"south": {"uv": [10.74988, 6.74988, 11.62425, 7.74913], "texture": "#shield_0"},
				"west": {"uv": [10.74988, 10.1245, 11.37463, 11.74913], "texture": "#shield_0"},
				"up": {"uv": [10.74988, 9.99963, 11.37463, 11.99938], "texture": "#shield_0"},
				"down": {"uv": [10.74988, 10.24987, 11.37463, 11.8745], "texture": "#shield_0"}
			}
		},
		{
			"from": [6, 17.9, 0.8],
			"to": [10, 18.15, 1],
			"rotation": {"angle": 0, "axis": "y", "origin": [18, 11.6, 8]},
			"faces": {
				"north": {"uv": [10.74988, 9.87487, 11.373, 12.248], "texture": "#shield_0"},
				"east": {"uv": [10.74988, 10.37475, 11.37463, 11.62425], "texture": "#shield_0"},
				"south": {"uv": [10.74988, 6.74988, 11.62425, 7.74913], "texture": "#shield_0"},
				"west": {"uv": [10.74988, 10.1245, 11.37463, 11.74913], "texture": "#shield_0"},
				"up": {"uv": [10.74988, 9.99963, 11.37463, 11.99938], "texture": "#shield_0"},
				"down": {"uv": [10.74988, 10.24987, 11.37463, 11.8745], "texture": "#shield_0"}
			}
		},
		{
			"from": [6, 14.1, 0.8],
			"to": [10, 14.35, 1],
			"rotation": {"angle": 0, "axis": "y", "origin": [18, 7.8, 8]},
			"faces": {
				"north": {"uv": [10.74988, 9.87487, 11.373, 12.248], "texture": "#shield_0"},
				"east": {"uv": [10.74988, 10.37475, 11.37463, 11.62425], "texture": "#shield_0"},
				"south": {"uv": [10.74988, 6.74988, 11.62425, 7.74913], "texture": "#shield_0"},
				"west": {"uv": [10.74988, 10.1245, 11.37463, 11.74913], "texture": "#shield_0"},
				"up": {"uv": [10.74988, 9.99963, 11.37463, 11.99938], "texture": "#shield_0"},
				"down": {"uv": [10.74988, 10.24987, 11.37463, 11.8745], "texture": "#shield_0"}
			}
		},
		{
			"from": [5, 13.3, 1],
			"to": [11, 18.75, 1.375],
			"rotation": {"angle": 0, "axis": "y", "origin": [18, 8, 9]},
			"faces": {
				"north": {"uv": [9.87463, 10.49963, 10.4975, 11.623], "texture": "#shield_0"},
				"east": {"uv": [9.75, 8.49963, 12.4995, 8.74837], "texture": "#shield_0"},
				"south": {"uv": [9.37475, 7.8735, 9.49963, 7.9985], "texture": "#shield_0"},
				"west": {"uv": [9.87487, 8.5, 12.49913, 8.74875], "texture": "#shield_0"},
				"up": {"uv": [9.75, 8.49987, 12.3745, 8.62475], "texture": "#shield_0"},
				"down": {"uv": [0, 0, 0.125, 0.125], "texture": "#shield_0"}
			}
		},
		{
			"from": [5, 7.4, 1],
			"to": [11, 12.85, 1.375],
			"rotation": {"angle": 0, "axis": "y", "origin": [18, 2.1, 9]},
			"faces": {
				"north": {"uv": [9.87463, 10.49963, 10.4975, 11.623], "texture": "#shield_0"},
				"east": {"uv": [9.75, 8.49963, 12.4995, 8.74837], "texture": "#shield_0"},
				"south": {"uv": [9.37475, 7.8735, 9.49963, 7.9985], "texture": "#shield_0"},
				"west": {"uv": [9.87487, 8.5, 12.49913, 8.74875], "texture": "#shield_0"},
				"up": {"uv": [9.75, 8.49987, 12.3745, 8.62475], "texture": "#shield_0"},
				"down": {"uv": [0, 0, 0.125, 0.125], "texture": "#shield_0"}
			}
		},
		{
			"from": [5, 1.4, 1],
			"to": [11, 6.85, 1.375],
			"rotation": {"angle": 0, "axis": "y", "origin": [18, -3.9, 9]},
			"faces": {
				"north": {"uv": [9.87463, 10.49963, 10.4975, 11.623], "texture": "#shield_0"},
				"east": {"uv": [9.75, 8.49963, 12.4995, 8.74837], "texture": "#shield_0"},
				"south": {"uv": [9.37475, 7.8735, 9.49963, 7.9985], "texture": "#shield_0"},
				"west": {"uv": [9.87487, 8.5, 12.49913, 8.74875], "texture": "#shield_0"},
				"up": {"uv": [9.75, 8.49987, 12.3745, 8.62475], "texture": "#shield_0"},
				"down": {"uv": [0, 0, 0.125, 0.125], "texture": "#shield_0"}
			}
		},
		{
			"from": [5, -4.6, 1],
			"to": [11, 0.85, 1.375],
			"rotation": {"angle": 0, "axis": "y", "origin": [18, -9.9, 9]},
			"faces": {
				"north": {"uv": [9.87463, 10.49963, 10.4975, 11.623], "texture": "#shield_0"},
				"east": {"uv": [9.75, 8.49963, 12.4995, 8.74837], "texture": "#shield_0"},
				"south": {"uv": [9.37475, 7.8735, 9.49963, 7.9985], "texture": "#shield_0"},
				"west": {"uv": [9.87487, 8.5, 12.49913, 8.74875], "texture": "#shield_0"},
				"up": {"uv": [9.75, 8.49987, 12.3745, 8.62475], "texture": "#shield_0"},
				"down": {"uv": [0, 0, 0.125, 0.125], "texture": "#shield_0"}
			}
		},
		{
			"from": [4, -3.05, 0.2],
			"to": [5, 15.425, 0.25],
			"rotation": {"angle": 0, "axis": "y", "origin": [13, 2.1, 7.25]},
			"faces": {
				"north": {"uv": [2.12463, 10.3745, 5.374, 12.9985], "texture": "#shield_0"},
				"east": {"uv": [13.25, 13.49975, 14.24925, 15.7485], "texture": "#shield_0"},
				"south": {"uv": [10.62488, 10.62488, 11.49925, 11.24925], "texture": "#shield_0"},
				"west": {"uv": [13.49975, 13.6245, 14.499, 15.62375], "texture": "#shield_0"},
				"up": {"uv": [13.37488, 12.7495, 14.62438, 14.37413], "texture": "#shield_0"},
				"down": {"uv": [13.74988, 12.62463, 14.37475, 13.87425], "texture": "#shield_0"}
			}
		},
		{
			"from": [11, -3.05, 0.2],
			"to": [12, 15.425, 0.25],
			"rotation": {"angle": 0, "axis": "y", "origin": [20, 2.1, 7.25]},
			"faces": {
				"north": {"uv": [2.12463, 10.3745, 5.374, 12.9985], "texture": "#shield_0"},
				"east": {"uv": [13.25, 13.49975, 14.24925, 15.7485], "texture": "#shield_0"},
				"south": {"uv": [10.62488, 10.62488, 11.49925, 11.24925], "texture": "#shield_0"},
				"west": {"uv": [13.49975, 13.6245, 14.499, 15.62375], "texture": "#shield_0"},
				"up": {"uv": [13.37488, 12.7495, 14.62438, 14.37413], "texture": "#shield_0"},
				"down": {"uv": [13.74988, 12.62463, 14.37475, 13.87425], "texture": "#shield_0"}
			}
		},
		{
			"from": [12, -3.3, 0],
			"to": [13, 15.95, 1],
			"rotation": {"angle": 0, "axis": "y", "origin": [21, 2.1, 8]},
			"faces": {
				"north": {"uv": [2.12463, 10.3745, 5.374, 12.9985], "texture": "#shield_0"},
				"east": {"uv": [13.25, 13.49975, 14.24925, 15.7485], "texture": "#shield_0"},
				"south": {"uv": [10.62488, 10.62488, 11.49925, 11.24925], "texture": "#shield_0"},
				"west": {"uv": [13.49975, 13.6245, 14.499, 15.62375], "texture": "#shield_0"},
				"up": {"uv": [13.37488, 12.7495, 14.62438, 14.37413], "texture": "#shield_0"},
				"down": {"uv": [13.74988, 12.62463, 14.37475, 13.87425], "texture": "#shield_0"}
			}
		},
		{
			"from": [13, -3.7, 0],
			"to": [14, 16.45, 1],
			"rotation": {"angle": 0, "axis": "y", "origin": [21, 8, 8]},
			"faces": {
				"north": {"uv": [2.12463, 10.3745, 5.374, 12.9985], "texture": "#shield_0"},
				"east": {"uv": [10.74988, 10.12487, 11.24875, 11.87313], "texture": "#shield_0"},
				"south": {"uv": [10.62488, 10.62488, 11.49925, 11.24925], "texture": "#shield_0"},
				"west": {"uv": [10.87488, 9.99975, 11.37375, 11.99875], "texture": "#shield_0"},
				"up": {"uv": [13.37488, 12.7495, 14.62438, 14.37413], "texture": "#shield_0"},
				"down": {"uv": [13.74988, 12.62463, 14.37475, 13.87425], "texture": "#shield_0"}
			}
		},
		{
			"from": [14, -3.3, 0.175],
			"to": [15, 15.95, 1],
			"rotation": {"angle": 0, "axis": "y", "origin": [22, 8, 8]},
			"faces": {
				"north": {"uv": [2.12463, 10.3745, 5.374, 12.9985], "texture": "#shield_0"},
				"east": {"uv": [10.74988, 10.12487, 11.24875, 11.87313], "texture": "#shield_0"},
				"south": {"uv": [10.62488, 10.62488, 11.49925, 11.24925], "texture": "#shield_0"},
				"west": {"uv": [10.87488, 9.99975, 11.37375, 11.99875], "texture": "#shield_0"},
				"up": {"uv": [13.37488, 12.7495, 14.62438, 14.37413], "texture": "#shield_0"},
				"down": {"uv": [13.74988, 12.62463, 14.37475, 13.87425], "texture": "#shield_0"}
			}
		},
		{
			"from": [14.975, -2.9, 0.275],
			"to": [15.675, 15.4, 1],
			"rotation": {"angle": 0, "axis": "y", "origin": [22.675, 8, 8]},
			"faces": {
				"north": {"uv": [2.12463, 10.3745, 5.374, 12.9985], "texture": "#shield_0"},
				"east": {"uv": [10.74988, 10.12487, 11.24875, 11.87313], "texture": "#shield_0"},
				"south": {"uv": [10.62488, 10.62488, 11.49925, 11.24925], "texture": "#shield_0"},
				"west": {"uv": [10.87488, 9.99975, 11.37375, 11.99875], "texture": "#shield_0"},
				"up": {"uv": [13.37488, 12.7495, 14.62438, 14.37413], "texture": "#shield_0"},
				"down": {"uv": [13.74988, 12.62463, 14.37475, 13.87425], "texture": "#shield_0"}
			}
		},
		{
			"from": [3, -3.3, 0],
			"to": [4, 15.95, 1],
			"rotation": {"angle": 0, "axis": "y", "origin": [12, 2.1, 8]},
			"faces": {
				"north": {"uv": [2.12463, 10.3745, 5.374, 12.9985], "texture": "#shield_0"},
				"east": {"uv": [13.25, 13.49975, 14.24925, 15.7485], "texture": "#shield_0"},
				"south": {"uv": [10.62488, 10.62488, 11.49925, 11.24925], "texture": "#shield_0"},
				"west": {"uv": [13.49975, 13.6245, 14.499, 15.62375], "texture": "#shield_0"},
				"up": {"uv": [13.37488, 12.7495, 14.62438, 14.37413], "texture": "#shield_0"},
				"down": {"uv": [13.74988, 12.62463, 14.37475, 13.87425], "texture": "#shield_0"}
			}
		},
		{
			"from": [2, -3.7, 0],
			"to": [3, 16.45, 1],
			"rotation": {"angle": 0, "axis": "y", "origin": [10, 8, 8]},
			"faces": {
				"north": {"uv": [2.12463, 10.3745, 5.374, 12.9985], "texture": "#shield_0"},
				"east": {"uv": [13.25, 13.49975, 14.24925, 15.7485], "texture": "#shield_0"},
				"south": {"uv": [10.62488, 10.62488, 11.49925, 11.24925], "texture": "#shield_0"},
				"west": {"uv": [10.87488, 9.99975, 11.37375, 11.99875], "texture": "#shield_0"},
				"up": {"uv": [13.37488, 12.7495, 14.62438, 14.37413], "texture": "#shield_0"},
				"down": {"uv": [13.74988, 12.62463, 14.37475, 13.87425], "texture": "#shield_0"}
			}
		},
		{
			"from": [1, -3.3, 0.175],
			"to": [2, 15.95, 1],
			"rotation": {"angle": 0, "axis": "y", "origin": [9, 8, 8]},
			"faces": {
				"north": {"uv": [2.12463, 10.3745, 5.374, 12.9985], "texture": "#shield_0"},
				"east": {"uv": [13.25, 13.49975, 14.24925, 15.7485], "texture": "#shield_0"},
				"south": {"uv": [10.62488, 10.62488, 11.49925, 11.24925], "texture": "#shield_0"},
				"west": {"uv": [10.87488, 9.99975, 11.37375, 11.99875], "texture": "#shield_0"},
				"up": {"uv": [13.37488, 12.7495, 14.62438, 14.37413], "texture": "#shield_0"},
				"down": {"uv": [13.74988, 12.62463, 14.37475, 13.87425], "texture": "#shield_0"}
			}
		},
		{
			"from": [0.3, -2.9, 0.275],
			"to": [1, 15.4, 1],
			"faces": {
				"north": {"uv": [2.12463, 10.3745, 5.374, 12.9985], "texture": "#shield_0"},
				"east": {"uv": [13.25, 13.49975, 14.24925, 15.7485], "texture": "#shield_0"},
				"south": {"uv": [10.62488, 10.62488, 11.49925, 11.24925], "texture": "#shield_0"},
				"west": {"uv": [10.87488, 9.99975, 11.37375, 11.99875], "texture": "#shield_0"},
				"up": {"uv": [13.37488, 12.7495, 14.62438, 14.37413], "texture": "#shield_0"},
				"down": {"uv": [13.74988, 12.62463, 14.37475, 13.87425], "texture": "#shield_0"}
			}
		}
	],
	"gui_light": "front",
	"display": {
        "thirdperson_righthand": {
            "rotation": [ 0, 90, 55 ],
            "translation": [ 10.51, 9.5, 5 ],
            "scale": [ 1, 1, 1 ]
        },
        "thirdperson_lefthand": {
            "rotation": [ 0, 90, 55 ],
            "translation": [ 10.51, -4, 14 ],
            "scale": [ 1, 1, 1 ]
        },
        "firstperson_righthand": {
            "rotation": [ 0, 100, 0 ],
            "translation": [ 7.5, 4, -10 ],
            "scale": [ 1.25, 1.25, 1.25 ]
        },
        "firstperson_lefthand": {
            "rotation": [ 0, 100, 0 ],
            "translation": [ 14, 4, 7.5 ],
            "scale": [ 1.25, 1.25, 1.25 ]
        },
        "gui": {
            "rotation": [ 15, -25, -5 ],
            "translation": [ 2, 3, 0 ],
            "scale": [ 0.65, 0.65, 0.65 ]
        },
        "fixed": {
            "rotation": [ 0, 180, 0 ],
            "translation": [ -5.75, 5.5, -4.5],
            "scale":[ 0.7, 0.7, 0.7]
        },
        "ground": {
            "rotation": [ 0, 0, 0 ],
            "translation": [ 4, 4, 2],
            "scale":[ 0.25, 0.25, 0.25]
        }
	},
	"groups": [0, 1, 2, 3, 4, 5, 6, 7, 8, 9,
		{
			"name": "FRONTBLOCKS",
			"origin": [18, 8.1, 8],
			"children": [10, 11, 12, 13]
		},
		{
			"name": "DETAILS_FRONT",
			"origin": [19, 0.9, 7.35],
			"children": [14, 15, 16, 17, 18, 19, 20, 21, 22, 23, 24, 25, 26, 27, 28, 29]
		},
		{
			"name": "FRONT_SIDE_DECALS",
			"origin": [14.2, 0.9, 8],
			"children": [30, 31, 32, 33, 34, 35, 36, 37]
		},
		{
			"name": "FRONT_TOP_DECALS",
			"origin": [18, 7.8, 8],
			"children": [38, 39, 40, 41, 42, 43, 44, 45]
		},
		{
			"name": "FRONTBLOCKS",
			"origin": [18, -9.9, 9],
			"children": [46, 47, 48, 49]
		},
		{
			"name": "SIDEFRONT",
			"origin": [8, 8, 8],
			"children": [50, 51, 52, 53, 54, 55, 56, 57, 58, 59]
		}
	]
}