{
	"credit": "Made with Blockbench",
	"ambientocclusion": false,
	"texture_size": [64, 64],
	"textures": {
		"0": "item/carrot_on_a_stick/steel_staff_2",
		"particle": "item/carrot_on_a_stick/steel_staff"
	},
	"elements": [
		{
			"name": "center",
			"from": [-8.15, 0.1, 7.925],
			"to": [25.175, 0.325, 8.075],
			"rotation": {"angle": 0, "axis": "y", "origin": [22.625, 8.225, 16.025]},
			"faces": {
				"north": {"uv": [10.74975, 9.49975, 15.99775, 15.99775], "texture": "#0"},
				"east": {"uv": [10.74975, 9.49975, 15.99775, 15.9985], "texture": "#0"},
				"south": {"uv": [10.74975, 9.49975, 15.99775, 15.99775], "texture": "#0"},
				"west": {"uv": [10.74975, 9.74975, 15.997, 15.9985], "texture": "#0"},
				"up": {"uv": [10.74975, 9.49975, 15.9985, 15.9985], "texture": "#0"},
				"down": {"uv": [10.74975, 9.49975, 15.9985, 15.9985], "texture": "#0"}
			}
		},
		{
			"name": "1",
			"from": [8.825, 0, 7.975],
			"to": [24.3, 0.1, 8.025],
			"rotation": {"angle": 0, "axis": "y", "origin": [23, 8, 15.95]},
			"faces": {
				"north": {"uv": [3.49975, 0, 12.748, 4.7485], "texture": "#0"},
				"east": {"uv": [3.24975, 0.2495, 12.498, 4.49775], "texture": "#0"},
				"south": {"uv": [3.24975, 0, 12.74475, 4.24575], "texture": "#0"},
				"west": {"uv": [0, 7.9995, 3.749, 15.9985], "texture": "#0"},
				"up": {"uv": [3.49975, 0, 12.748, 4.4985], "texture": "#0"},
				"down": {"uv": [3.24975, 0.2495, 12.748, 4.49775], "texture": "#0"}
			}
		},
		{
			"name": "1",
			"from": [8.825, 0.275, 8.075],
			"to": [24.3, 0.4, 8.125],
			"rotation": {"angle": 0, "axis": "y", "origin": [23, 8.275, 16.05]},
			"faces": {
				"north": {"uv": [3.49975, 0, 12.748, 4.7485], "texture": "#0"},
				"east": {"uv": [3.24975, 0.2495, 12.498, 4.49775], "texture": "#0"},
				"south": {"uv": [3.24975, 0, 12.74475, 4.24575], "texture": "#0"},
				"west": {"uv": [0, 7.9995, 3.749, 15.9985], "texture": "#0"},
				"up": {"uv": [3.49975, 0, 12.748, 4.4985], "texture": "#0"},
				"down": {"uv": [3.24975, 0.2495, 12.748, 4.49775], "texture": "#0"}
			}
		},
		{
			"name": "1",
			"from": [8.825, 0.275, 7.875],
			"to": [24.3, 0.4, 7.925],
			"rotation": {"angle": 0, "axis": "y", "origin": [23, 8.275, 15.85]},
			"faces": {
				"north": {"uv": [3.49975, 0, 12.748, 4.7485], "texture": "#0"},
				"east": {"uv": [3.24975, 0.2495, 12.498, 4.49775], "texture": "#0"},
				"south": {"uv": [3.24975, 0, 12.74475, 4.24575], "texture": "#0"},
				"west": {"uv": [0, 7.9995, 3.749, 15.9985], "texture": "#0"},
				"up": {"uv": [3.49975, 0, 12.748, 4.4985], "texture": "#0"},
				"down": {"uv": [3.24975, 0.2495, 12.748, 4.49775], "texture": "#0"}
			}
		},
		{
			"name": "1",
			"from": [8.825, 0.075, 8.125],
			"to": [24.3, 0.225, 8.175],
			"rotation": {"angle": 0, "axis": "y", "origin": [23, 8.075, 16.125]},
			"faces": {
				"north": {"uv": [3.49975, 0, 12.748, 4.7485], "texture": "#0"},
				"east": {"uv": [3.24975, 0.2495, 12.498, 4.49775], "texture": "#0"},
				"south": {"uv": [3.24975, 0, 12.74475, 4.24575], "texture": "#0"},
				"west": {"uv": [0, 7.9995, 3.749, 15.9985], "texture": "#0"},
				"up": {"uv": [3.49975, 0, 12.748, 4.4985], "texture": "#0"},
				"down": {"uv": [3.24975, 0.2495, 12.748, 4.49775], "texture": "#0"}
			}
		},
		{
			"name": "1",
			"from": [8.825, 0, 7.925],
			"to": [24.3, 0.1, 7.975],
			"rotation": {"angle": 0, "axis": "y", "origin": [23, 8, 15.925]},
			"faces": {
				"north": {"uv": [3.49975, 0, 12.748, 4.7485], "texture": "#0"},
				"east": {"uv": [3.24975, 0.2495, 12.498, 4.49775], "texture": "#0"},
				"south": {"uv": [3.24975, 0, 12.74475, 4.24575], "texture": "#0"},
				"west": {"uv": [0, 7.9995, 3.749, 15.9985], "texture": "#0"},
				"up": {"uv": [3.49975, 0, 12.748, 4.4985], "texture": "#0"},
				"down": {"uv": [3.24975, 0.2495, 12.748, 4.49775], "texture": "#0"}
			}
		},
		{
			"name": "1",
			"from": [8.825, 0.2, 8.125],
			"to": [24.3, 0.35, 8.175],
			"rotation": {"angle": 0, "axis": "y", "origin": [23, 8.2, 16.125]},
			"faces": {
				"north": {"uv": [3.49975, 0, 12.748, 4.7485], "texture": "#0"},
				"east": {"uv": [3.24975, 0.2495, 12.498, 4.49775], "texture": "#0"},
				"south": {"uv": [3.24975, 0, 12.74475, 4.24575], "texture": "#0"},
				"west": {"uv": [0, 7.9995, 3.749, 15.9985], "texture": "#0"},
				"up": {"uv": [3.49975, 0, 12.748, 4.4985], "texture": "#0"},
				"down": {"uv": [3.24975, 0.2495, 12.748, 4.49775], "texture": "#0"}
			}
		},
		{
			"name": "1",
			"from": [8.825, 0.2, 7.825],
			"to": [24.3, 0.35, 7.875],
			"rotation": {"angle": 0, "axis": "y", "origin": [23, 8.2, 15.825]},
			"faces": {
				"north": {"uv": [3.49975, 0, 12.748, 4.7485], "texture": "#0"},
				"east": {"uv": [3.24975, 0.2495, 12.498, 4.49775], "texture": "#0"},
				"south": {"uv": [3.24975, 0, 12.74475, 4.24575], "texture": "#0"},
				"west": {"uv": [0, 7.9995, 3.749, 15.9985], "texture": "#0"},
				"up": {"uv": [3.49975, 0, 12.748, 4.4985], "texture": "#0"},
				"down": {"uv": [3.24975, 0.2495, 12.748, 4.49775], "texture": "#0"}
			}
		},
		{
			"name": "1",
			"from": [8.825, 0.15, 8.175],
			"to": [24.3, 0.3, 8.225],
			"rotation": {"angle": 0, "axis": "y", "origin": [23, 8.15, 16.175]},
			"faces": {
				"north": {"uv": [3.49975, 0, 12.748, 4.7485], "texture": "#0"},
				"east": {"uv": [3.24975, 0.2495, 12.498, 4.49775], "texture": "#0"},
				"south": {"uv": [3.24975, 0, 12.74475, 4.24575], "texture": "#0"},
				"west": {"uv": [0, 7.9995, 3.749, 15.9985], "texture": "#0"},
				"up": {"uv": [3.49975, 0, 12.748, 4.4985], "texture": "#0"},
				"down": {"uv": [3.24975, 0.2495, 12.748, 4.49775], "texture": "#0"}
			}
		},
		{
			"name": "1",
			"from": [8.825, 0.15, 7.775],
			"to": [24.3, 0.3, 7.825],
			"rotation": {"angle": 0, "axis": "y", "origin": [23, 8.15, 15.775]},
			"faces": {
				"north": {"uv": [3.49975, 0, 12.748, 4.7485], "texture": "#0"},
				"east": {"uv": [3.24975, 0.2495, 12.498, 4.49775], "texture": "#0"},
				"south": {"uv": [3.24975, 0, 12.74475, 4.24575], "texture": "#0"},
				"west": {"uv": [0, 7.9995, 3.749, 15.9985], "texture": "#0"},
				"up": {"uv": [3.49975, 0, 12.748, 4.4985], "texture": "#0"},
				"down": {"uv": [3.24975, 0.2495, 12.748, 4.49775], "texture": "#0"}
			}
		},
		{
			"name": "1",
			"from": [8.825, 0.025, 7.875],
			"to": [24.3, 0.15, 7.925],
			"rotation": {"angle": 0, "axis": "y", "origin": [23, 8.025, 15.85]},
			"faces": {
				"north": {"uv": [3.49975, 0, 12.748, 4.7485], "texture": "#0"},
				"east": {"uv": [3.24975, 0.2495, 12.498, 4.49775], "texture": "#0"},
				"south": {"uv": [3.24975, 0, 12.74475, 4.24575], "texture": "#0"},
				"west": {"uv": [0, 7.9995, 3.749, 15.9985], "texture": "#0"},
				"up": {"uv": [3.49975, 0, 12.748, 4.4985], "texture": "#0"},
				"down": {"uv": [3.24975, 0.2495, 12.748, 4.49775], "texture": "#0"}
			}
		},
		{
			"name": "1",
			"from": [8.825, 0.025, 8.075],
			"to": [24.3, 0.15, 8.125],
			"rotation": {"angle": 0, "axis": "y", "origin": [23, 8.025, 16.05]},
			"faces": {
				"north": {"uv": [3.49975, 0, 12.748, 4.7485], "texture": "#0"},
				"east": {"uv": [3.24975, 0.2495, 12.498, 4.49775], "texture": "#0"},
				"south": {"uv": [3.24975, 0, 12.74475, 4.24575], "texture": "#0"},
				"west": {"uv": [0, 7.9995, 3.749, 15.9985], "texture": "#0"},
				"up": {"uv": [3.49975, 0, 12.748, 4.4985], "texture": "#0"},
				"down": {"uv": [3.24975, 0.2495, 12.748, 4.49775], "texture": "#0"}
			}
		},
		{
			"name": "1",
			"from": [8.825, 0.325, 7.925],
			"to": [24.3, 0.425, 7.975],
			"rotation": {"angle": 0, "axis": "y", "origin": [23, 8.325, 15.9]},
			"faces": {
				"north": {"uv": [3.49975, 0, 12.748, 4.7485], "texture": "#0"},
				"east": {"uv": [3.24975, 0.2495, 12.498, 4.49775], "texture": "#0"},
				"south": {"uv": [3.24975, 0, 12.74475, 4.24575], "texture": "#0"},
				"west": {"uv": [0, 7.9995, 3.749, 15.9985], "texture": "#0"},
				"up": {"uv": [3.49975, 0, 12.748, 4.4985], "texture": "#0"},
				"down": {"uv": [3.24975, 0.2495, 12.748, 4.49775], "texture": "#0"}
			}
		},
		{
			"name": "1",
			"from": [8.825, 0.325, 7.975],
			"to": [24.3, 0.425, 8.025],
			"rotation": {"angle": 0, "axis": "y", "origin": [23, 8.325, 15.95]},
			"faces": {
				"north": {"uv": [3.49975, 0, 12.748, 4.7485], "texture": "#0"},
				"east": {"uv": [3.24975, 0.2495, 12.498, 4.49775], "texture": "#0"},
				"south": {"uv": [3.24975, 0, 12.74475, 4.24575], "texture": "#0"},
				"west": {"uv": [0, 7.9995, 3.749, 15.9985], "texture": "#0"},
				"up": {"uv": [3.49975, 0, 12.748, 4.4985], "texture": "#0"},
				"down": {"uv": [3.24975, 0.2495, 12.748, 4.49775], "texture": "#0"}
			}
		},
		{
			"name": "1",
			"from": [8.825, 0.325, 8.025],
			"to": [24.3, 0.425, 8.075],
			"rotation": {"angle": 0, "axis": "y", "origin": [23, 8.325, 16]},
			"faces": {
				"north": {"uv": [3.49975, 0, 12.748, 4.7485], "texture": "#0"},
				"east": {"uv": [3.24975, 0.2495, 12.498, 4.49775], "texture": "#0"},
				"south": {"uv": [3.24975, 0, 12.74475, 4.24575], "texture": "#0"},
				"west": {"uv": [0, 7.9995, 3.749, 15.9985], "texture": "#0"},
				"up": {"uv": [3.49975, 0, 12.748, 4.4985], "texture": "#0"},
				"down": {"uv": [3.24975, 0.2495, 12.748, 4.49775], "texture": "#0"}
			}
		},
		{
			"name": "1",
			"from": [8.825, 0.075, 7.825],
			"to": [24.3, 0.2, 7.875],
			"rotation": {"angle": 0, "axis": "y", "origin": [23, 8.1, 15.8]},
			"faces": {
				"north": {"uv": [3.49975, 0, 12.748, 4.7485], "texture": "#0"},
				"east": {"uv": [3.24975, 0.2495, 12.498, 4.49775], "texture": "#0"},
				"south": {"uv": [3.24975, 0, 12.74475, 4.24575], "texture": "#0"},
				"west": {"uv": [0, 7.9995, 3.749, 15.9985], "texture": "#0"},
				"up": {"uv": [3.49975, 0, 12.748, 4.4985], "texture": "#0"},
				"down": {"uv": [3.24975, 0.2495, 12.748, 4.49775], "texture": "#0"}
			}
		},
		{
			"name": "1",
			"from": [8.825, 0, 8.025],
			"to": [24.3, 0.1, 8.075],
			"rotation": {"angle": 0, "axis": "y", "origin": [23, 8, 16]},
			"faces": {
				"north": {"uv": [3.49975, 0, 12.748, 4.7485], "texture": "#0"},
				"east": {"uv": [3.24975, 0.2495, 12.498, 4.49775], "texture": "#0"},
				"south": {"uv": [3.24975, 0, 12.74475, 4.24575], "texture": "#0"},
				"west": {"uv": [0, 7.9995, 3.749, 15.9985], "texture": "#0"},
				"up": {"uv": [3.49975, 0, 12.748, 4.4985], "texture": "#0"},
				"down": {"uv": [3.24975, 0.2495, 12.748, 4.49775], "texture": "#0"}
			}
		},
		{
			"name": "2",
			"from": [-7.75, 0.15, 7.775],
			"to": [-0.575, 0.3, 7.825],
			"rotation": {"angle": 0, "axis": "y", "origin": [6.425, 8.15, 15.775]},
			"faces": {
				"north": {"uv": [3.24975, 0, 12.748, 4.4985], "texture": "#0"},
				"east": {"uv": [3.24975, 0, 12.748, 4.7485], "texture": "#0"},
				"south": {"uv": [3.24975, 0, 12.74675, 4.49575], "texture": "#0"},
				"west": {"uv": [3.24975, 0, 12.748, 4.4985], "texture": "#0"},
				"up": {"uv": [3.24975, 0, 12.748, 4.2485], "texture": "#0"},
				"down": {"uv": [3.24975, 0, 12.748, 4.2485], "texture": "#0"}
			}
		},
		{
			"name": "2",
			"from": [-7.75, 0, 8.025],
			"to": [-0.575, 0.1, 8.075],
			"rotation": {"angle": 0, "axis": "y", "origin": [6.425, 8, 16]},
			"faces": {
				"north": {"uv": [3.24975, 0, 12.748, 4.4985], "texture": "#0"},
				"east": {"uv": [3.24975, 0, 12.748, 4.7485], "texture": "#0"},
				"south": {"uv": [3.24975, 0, 12.74675, 4.49575], "texture": "#0"},
				"west": {"uv": [3.24975, 0, 12.748, 4.4985], "texture": "#0"},
				"up": {"uv": [3.24975, 0, 12.748, 4.2485], "texture": "#0"},
				"down": {"uv": [3.24975, 0, 12.748, 4.2485], "texture": "#0"}
			}
		},
		{
			"name": "2",
			"from": [-7.75, 0.075, 7.825],
			"to": [-0.575, 0.2, 7.875],
			"rotation": {"angle": 0, "axis": "y", "origin": [6.425, 8.1, 15.8]},
			"faces": {
				"north": {"uv": [3.24975, 0, 12.748, 4.4985], "texture": "#0"},
				"east": {"uv": [3.24975, 0, 12.748, 4.7485], "texture": "#0"},
				"south": {"uv": [3.24975, 0, 12.74675, 4.49575], "texture": "#0"},
				"west": {"uv": [3.24975, 0, 12.748, 4.4985], "texture": "#0"},
				"up": {"uv": [3.24975, 0, 12.748, 4.2485], "texture": "#0"},
				"down": {"uv": [3.24975, 0, 12.748, 4.2485], "texture": "#0"}
			}
		},
		{
			"name": "2",
			"from": [-7.75, 0.325, 8.025],
			"to": [-0.575, 0.425, 8.075],
			"rotation": {"angle": 0, "axis": "y", "origin": [6.425, 8.325, 16]},
			"faces": {
				"north": {"uv": [3.24975, 0, 12.748, 4.4985], "texture": "#0"},
				"east": {"uv": [3.24975, 0, 12.748, 4.7485], "texture": "#0"},
				"south": {"uv": [3.24975, 0, 12.74675, 4.49575], "texture": "#0"},
				"west": {"uv": [3.24975, 0, 12.748, 4.4985], "texture": "#0"},
				"up": {"uv": [3.24975, 0, 12.748, 4.2485], "texture": "#0"},
				"down": {"uv": [3.24975, 0, 12.748, 4.2485], "texture": "#0"}
			}
		},
		{
			"name": "2",
			"from": [-7.75, 0.325, 7.975],
			"to": [-0.575, 0.425, 8.025],
			"rotation": {"angle": 0, "axis": "y", "origin": [6.425, 8.325, 15.95]},
			"faces": {
				"north": {"uv": [3.24975, 0, 12.748, 4.4985], "texture": "#0"},
				"east": {"uv": [3.24975, 0, 12.748, 4.7485], "texture": "#0"},
				"south": {"uv": [3.24975, 0, 12.74675, 4.49575], "texture": "#0"},
				"west": {"uv": [3.24975, 0, 12.748, 4.4985], "texture": "#0"},
				"up": {"uv": [3.24975, 0, 12.748, 4.2485], "texture": "#0"},
				"down": {"uv": [3.24975, 0, 12.748, 4.2485], "texture": "#0"}
			}
		},
		{
			"name": "2",
			"from": [-7.75, 0.325, 7.925],
			"to": [-0.575, 0.425, 7.975],
			"rotation": {"angle": 0, "axis": "y", "origin": [6.425, 8.325, 15.9]},
			"faces": {
				"north": {"uv": [3.24975, 0, 12.748, 4.4985], "texture": "#0"},
				"east": {"uv": [3.24975, 0, 12.748, 4.7485], "texture": "#0"},
				"south": {"uv": [3.24975, 0, 12.74675, 4.49575], "texture": "#0"},
				"west": {"uv": [3.24975, 0, 12.748, 4.4985], "texture": "#0"},
				"up": {"uv": [3.24975, 0, 12.748, 4.2485], "texture": "#0"},
				"down": {"uv": [3.24975, 0, 12.748, 4.2485], "texture": "#0"}
			}
		},
		{
			"name": "2",
			"from": [-7.75, 0.025, 8.075],
			"to": [-0.575, 0.15, 8.125],
			"rotation": {"angle": 0, "axis": "y", "origin": [6.425, 8.025, 16.05]},
			"faces": {
				"north": {"uv": [3.24975, 0, 12.748, 4.4985], "texture": "#0"},
				"east": {"uv": [3.24975, 0, 12.748, 4.7485], "texture": "#0"},
				"south": {"uv": [3.24975, 0, 12.74675, 4.49575], "texture": "#0"},
				"west": {"uv": [3.24975, 0, 12.748, 4.4985], "texture": "#0"},
				"up": {"uv": [3.24975, 0, 12.748, 4.2485], "texture": "#0"},
				"down": {"uv": [3.24975, 0, 12.748, 4.2485], "texture": "#0"}
			}
		},
		{
			"name": "2",
			"from": [-7.75, 0.025, 7.875],
			"to": [-0.575, 0.15, 7.925],
			"rotation": {"angle": 0, "axis": "y", "origin": [6.425, 8.025, 15.85]},
			"faces": {
				"north": {"uv": [3.24975, 0, 12.748, 4.4985], "texture": "#0"},
				"east": {"uv": [3.24975, 0, 12.748, 4.7485], "texture": "#0"},
				"south": {"uv": [3.24975, 0, 12.74675, 4.49575], "texture": "#0"},
				"west": {"uv": [3.24975, 0, 12.748, 4.4985], "texture": "#0"},
				"up": {"uv": [3.24975, 0, 12.748, 4.2485], "texture": "#0"},
				"down": {"uv": [3.24975, 0, 12.748, 4.2485], "texture": "#0"}
			}
		},
		{
			"name": "2",
			"from": [-7.75, 0, 7.975],
			"to": [-0.575, 0.1, 8.025],
			"rotation": {"angle": 0, "axis": "y", "origin": [6.425, 8, 15.95]},
			"faces": {
				"north": {"uv": [3.24975, 0, 12.748, 4.4985], "texture": "#0"},
				"east": {"uv": [3.24975, 0, 12.748, 4.7485], "texture": "#0"},
				"south": {"uv": [3.24975, 0, 12.74675, 4.49575], "texture": "#0"},
				"west": {"uv": [3.24975, 0, 12.748, 4.4985], "texture": "#0"},
				"up": {"uv": [3.24975, 0, 12.748, 4.2485], "texture": "#0"},
				"down": {"uv": [3.24975, 0, 12.748, 4.2485], "texture": "#0"}
			}
		},
		{
			"name": "2",
			"from": [-7.75, 0.275, 8.075],
			"to": [-0.575, 0.4, 8.125],
			"rotation": {"angle": 0, "axis": "y", "origin": [6.425, 8.275, 16.05]},
			"faces": {
				"north": {"uv": [3.24975, 0, 12.748, 4.4985], "texture": "#0"},
				"east": {"uv": [3.24975, 0, 12.748, 4.7485], "texture": "#0"},
				"south": {"uv": [3.24975, 0, 12.74675, 4.49575], "texture": "#0"},
				"west": {"uv": [3.24975, 0, 12.748, 4.4985], "texture": "#0"},
				"up": {"uv": [3.24975, 0, 12.748, 4.2485], "texture": "#0"},
				"down": {"uv": [3.24975, 0, 12.748, 4.2485], "texture": "#0"}
			}
		},
		{
			"name": "2",
			"from": [-7.75, 0.275, 7.875],
			"to": [-0.575, 0.4, 7.925],
			"rotation": {"angle": 0, "axis": "y", "origin": [6.425, 8.275, 15.85]},
			"faces": {
				"north": {"uv": [3.24975, 0, 12.748, 4.4985], "texture": "#0"},
				"east": {"uv": [3.24975, 0, 12.748, 4.7485], "texture": "#0"},
				"south": {"uv": [3.24975, 0, 12.74675, 4.49575], "texture": "#0"},
				"west": {"uv": [3.24975, 0, 12.748, 4.4985], "texture": "#0"},
				"up": {"uv": [3.24975, 0, 12.748, 4.2485], "texture": "#0"},
				"down": {"uv": [3.24975, 0, 12.748, 4.2485], "texture": "#0"}
			}
		},
		{
			"name": "2",
			"from": [-7.75, 0.075, 8.125],
			"to": [-0.575, 0.225, 8.175],
			"rotation": {"angle": 0, "axis": "y", "origin": [6.425, 8.075, 16.125]},
			"faces": {
				"north": {"uv": [3.24975, 0, 12.748, 4.4985], "texture": "#0"},
				"east": {"uv": [3.24975, 0, 12.748, 4.7485], "texture": "#0"},
				"south": {"uv": [3.24975, 0, 12.74675, 4.49575], "texture": "#0"},
				"west": {"uv": [3.24975, 0, 12.748, 4.4985], "texture": "#0"},
				"up": {"uv": [3.24975, 0, 12.748, 4.2485], "texture": "#0"},
				"down": {"uv": [3.24975, 0, 12.748, 4.2485], "texture": "#0"}
			}
		},
		{
			"name": "2",
			"from": [-7.75, 0, 7.925],
			"to": [-0.575, 0.1, 7.975],
			"rotation": {"angle": 0, "axis": "y", "origin": [6.425, 8, 15.925]},
			"faces": {
				"north": {"uv": [3.24975, 0, 12.748, 4.4985], "texture": "#0"},
				"east": {"uv": [3.24975, 0, 12.748, 4.7485], "texture": "#0"},
				"south": {"uv": [3.24975, 0, 12.74675, 4.49575], "texture": "#0"},
				"west": {"uv": [3.24975, 0, 12.748, 4.4985], "texture": "#0"},
				"up": {"uv": [3.24975, 0, 12.748, 4.2485], "texture": "#0"},
				"down": {"uv": [3.24975, 0, 12.748, 4.2485], "texture": "#0"}
			}
		},
		{
			"name": "2",
			"from": [-7.75, 0.2, 8.125],
			"to": [-0.575, 0.35, 8.175],
			"rotation": {"angle": 0, "axis": "y", "origin": [6.425, 8.2, 16.125]},
			"faces": {
				"north": {"uv": [3.24975, 0, 12.748, 4.4985], "texture": "#0"},
				"east": {"uv": [3.24975, 0, 12.748, 4.7485], "texture": "#0"},
				"south": {"uv": [3.24975, 0, 12.74675, 4.49575], "texture": "#0"},
				"west": {"uv": [3.24975, 0, 12.748, 4.4985], "texture": "#0"},
				"up": {"uv": [3.24975, 0, 12.748, 4.2485], "texture": "#0"},
				"down": {"uv": [3.24975, 0, 12.748, 4.2485], "texture": "#0"}
			}
		},
		{
			"name": "2",
			"from": [-7.75, 0.2, 7.825],
			"to": [-0.575, 0.35, 7.875],
			"rotation": {"angle": 0, "axis": "y", "origin": [6.425, 8.2, 15.825]},
			"faces": {
				"north": {"uv": [3.24975, 0, 12.748, 4.4985], "texture": "#0"},
				"east": {"uv": [3.24975, 0, 12.748, 4.7485], "texture": "#0"},
				"south": {"uv": [3.24975, 0, 12.74675, 4.49575], "texture": "#0"},
				"west": {"uv": [3.24975, 0, 12.748, 4.4985], "texture": "#0"},
				"up": {"uv": [3.24975, 0, 12.748, 4.2485], "texture": "#0"},
				"down": {"uv": [3.24975, 0, 12.748, 4.2485], "texture": "#0"}
			}
		},
		{
			"name": "2",
			"from": [-7.75, 0.15, 8.175],
			"to": [-0.575, 0.3, 8.225],
			"rotation": {"angle": 0, "axis": "y", "origin": [6.425, 8.15, 16.175]},
			"faces": {
				"north": {"uv": [3.24975, 0, 12.748, 4.4985], "texture": "#0"},
				"east": {"uv": [3.24975, 0, 12.748, 4.7485], "texture": "#0"},
				"south": {"uv": [3.24975, 0, 12.74675, 4.49575], "texture": "#0"},
				"west": {"uv": [3.24975, 0, 12.748, 4.4985], "texture": "#0"},
				"up": {"uv": [3.24975, 0, 12.748, 4.2485], "texture": "#0"},
				"down": {"uv": [3.24975, 0, 12.748, 4.2485], "texture": "#0"}
			}
		},
		{
			"name": "3",
			"from": [1.65, 0.15, 7.775],
			"to": [8.825, 0.3, 7.825],
			"rotation": {"angle": 0, "axis": "y", "origin": [15.825, 8.15, 15.775]},
			"faces": {
				"north": {"uv": [10.74975, 9.49975, 15.99775, 15.9985], "texture": "#0"},
				"east": {"uv": [10.74975, 9.49975, 15.99775, 15.9985], "texture": "#0"},
				"south": {"uv": [10.74975, 9.49975, 15.997, 15.997], "texture": "#0"},
				"west": {"uv": [10.74975, 9.499, 15.747, 15.99775], "texture": "#0"},
				"up": {"uv": [10.74975, 9.49975, 15.9985, 15.9985], "texture": "#0"},
				"down": {"uv": [10.74975, 9.49975, 15.9985, 15.9985], "texture": "#0"}
			}
		},
		{
			"name": "3",
			"from": [1.65, 0, 8.025],
			"to": [8.825, 0.1, 8.075],
			"rotation": {"angle": 0, "axis": "y", "origin": [15.825, 8, 16]},
			"faces": {
				"north": {"uv": [10.74975, 9.49975, 15.99775, 15.9985], "texture": "#0"},
				"east": {"uv": [10.74975, 9.49975, 15.99775, 15.9985], "texture": "#0"},
				"south": {"uv": [10.74975, 9.49975, 15.997, 15.997], "texture": "#0"},
				"west": {"uv": [10.74975, 9.499, 15.747, 15.99775], "texture": "#0"},
				"up": {"uv": [10.74975, 9.49975, 15.9985, 15.9985], "texture": "#0"},
				"down": {"uv": [10.74975, 9.49975, 15.9985, 15.9985], "texture": "#0"}
			}
		},
		{
			"name": "3",
			"from": [1.65, 0.075, 7.825],
			"to": [8.825, 0.2, 7.875],
			"rotation": {"angle": 0, "axis": "y", "origin": [15.825, 8.1, 15.8]},
			"faces": {
				"north": {"uv": [10.74975, 9.49975, 15.99775, 15.9985], "texture": "#0"},
				"east": {"uv": [10.74975, 9.49975, 15.99775, 15.9985], "texture": "#0"},
				"south": {"uv": [10.74975, 9.49975, 15.997, 15.997], "texture": "#0"},
				"west": {"uv": [10.74975, 9.499, 15.747, 15.99775], "texture": "#0"},
				"up": {"uv": [10.74975, 9.49975, 15.9985, 15.9985], "texture": "#0"},
				"down": {"uv": [10.74975, 9.49975, 15.9985, 15.9985], "texture": "#0"}
			}
		},
		{
			"name": "3",
			"from": [1.65, 0.325, 8.025],
			"to": [8.825, 0.425, 8.075],
			"rotation": {"angle": 0, "axis": "y", "origin": [15.825, 8.325, 16]},
			"faces": {
				"north": {"uv": [10.74975, 9.49975, 15.99775, 15.9985], "texture": "#0"},
				"east": {"uv": [10.74975, 9.49975, 15.99775, 15.9985], "texture": "#0"},
				"south": {"uv": [10.74975, 9.49975, 15.997, 15.997], "texture": "#0"},
				"west": {"uv": [10.74975, 9.499, 15.747, 15.99775], "texture": "#0"},
				"up": {"uv": [10.74975, 9.49975, 15.9985, 15.9985], "texture": "#0"},
				"down": {"uv": [10.74975, 9.49975, 15.9985, 15.9985], "texture": "#0"}
			}
		},
		{
			"name": "3",
			"from": [1.65, 0.325, 7.975],
			"to": [8.825, 0.425, 8.025],
			"rotation": {"angle": 0, "axis": "y", "origin": [15.825, 8.325, 15.95]},
			"faces": {
				"north": {"uv": [10.74975, 9.49975, 15.99775, 15.9985], "texture": "#0"},
				"east": {"uv": [10.74975, 9.49975, 15.99775, 15.9985], "texture": "#0"},
				"south": {"uv": [10.74975, 9.49975, 15.997, 15.997], "texture": "#0"},
				"west": {"uv": [10.74975, 9.499, 15.747, 15.99775], "texture": "#0"},
				"up": {"uv": [10.74975, 9.49975, 15.9985, 15.9985], "texture": "#0"},
				"down": {"uv": [10.74975, 9.49975, 15.9985, 15.9985], "texture": "#0"}
			}
		},
		{
			"name": "3",
			"from": [1.65, 0.325, 7.925],
			"to": [8.825, 0.425, 7.975],
			"rotation": {"angle": 0, "axis": "y", "origin": [15.825, 8.325, 15.9]},
			"faces": {
				"north": {"uv": [10.74975, 9.49975, 15.99775, 15.9985], "texture": "#0"},
				"east": {"uv": [10.74975, 9.49975, 15.99775, 15.9985], "texture": "#0"},
				"south": {"uv": [10.74975, 9.49975, 15.997, 15.997], "texture": "#0"},
				"west": {"uv": [10.74975, 9.499, 15.747, 15.99775], "texture": "#0"},
				"up": {"uv": [10.74975, 9.49975, 15.9985, 15.9985], "texture": "#0"},
				"down": {"uv": [10.74975, 9.49975, 15.9985, 15.9985], "texture": "#0"}
			}
		},
		{
			"name": "3",
			"from": [1.65, 0.025, 8.075],
			"to": [8.825, 0.15, 8.125],
			"rotation": {"angle": 0, "axis": "y", "origin": [15.825, 8.025, 16.05]},
			"faces": {
				"north": {"uv": [10.74975, 9.49975, 15.99775, 15.9985], "texture": "#0"},
				"east": {"uv": [10.74975, 9.49975, 15.99775, 15.9985], "texture": "#0"},
				"south": {"uv": [10.74975, 9.49975, 15.997, 15.997], "texture": "#0"},
				"west": {"uv": [10.74975, 9.499, 15.747, 15.99775], "texture": "#0"},
				"up": {"uv": [10.74975, 9.49975, 15.9985, 15.9985], "texture": "#0"},
				"down": {"uv": [10.74975, 9.49975, 15.9985, 15.9985], "texture": "#0"}
			}
		},
		{
			"name": "3",
			"from": [1.65, 0.025, 7.875],
			"to": [8.825, 0.15, 7.925],
			"rotation": {"angle": 0, "axis": "y", "origin": [15.825, 8.025, 15.85]},
			"faces": {
				"north": {"uv": [10.74975, 9.49975, 15.99775, 15.9985], "texture": "#0"},
				"east": {"uv": [10.74975, 9.49975, 15.99775, 15.9985], "texture": "#0"},
				"south": {"uv": [10.74975, 9.49975, 15.997, 15.997], "texture": "#0"},
				"west": {"uv": [10.74975, 9.499, 15.747, 15.99775], "texture": "#0"},
				"up": {"uv": [10.74975, 9.49975, 15.9985, 15.9985], "texture": "#0"},
				"down": {"uv": [10.74975, 9.49975, 15.9985, 15.9985], "texture": "#0"}
			}
		},
		{
			"name": "3",
			"from": [1.65, 0, 7.975],
			"to": [8.825, 0.1, 8.025],
			"rotation": {"angle": 0, "axis": "y", "origin": [15.825, 8, 15.95]},
			"faces": {
				"north": {"uv": [10.74975, 9.49975, 15.99775, 15.9985], "texture": "#0"},
				"east": {"uv": [10.74975, 9.49975, 15.99775, 15.9985], "texture": "#0"},
				"south": {"uv": [10.74975, 9.49975, 15.997, 15.997], "texture": "#0"},
				"west": {"uv": [10.74975, 9.499, 15.747, 15.99775], "texture": "#0"},
				"up": {"uv": [10.74975, 9.49975, 15.9985, 15.9985], "texture": "#0"},
				"down": {"uv": [10.74975, 9.49975, 15.9985, 15.9985], "texture": "#0"}
			}
		},
		{
			"name": "3",
			"from": [1.65, 0.275, 8.075],
			"to": [8.825, 0.4, 8.125],
			"rotation": {"angle": 0, "axis": "y", "origin": [15.825, 8.275, 16.05]},
			"faces": {
				"north": {"uv": [10.74975, 9.49975, 15.99775, 15.9985], "texture": "#0"},
				"east": {"uv": [10.74975, 9.49975, 15.99775, 15.9985], "texture": "#0"},
				"south": {"uv": [10.74975, 9.49975, 15.997, 15.997], "texture": "#0"},
				"west": {"uv": [10.74975, 9.499, 15.747, 15.99775], "texture": "#0"},
				"up": {"uv": [10.74975, 9.49975, 15.9985, 15.9985], "texture": "#0"},
				"down": {"uv": [10.74975, 9.49975, 15.9985, 15.9985], "texture": "#0"}
			}
		},
		{
			"name": "3",
			"from": [1.65, 0.275, 7.875],
			"to": [8.825, 0.4, 7.925],
			"rotation": {"angle": 0, "axis": "y", "origin": [15.825, 8.275, 15.85]},
			"faces": {
				"north": {"uv": [10.74975, 9.49975, 15.99775, 15.9985], "texture": "#0"},
				"east": {"uv": [10.74975, 9.49975, 15.99775, 15.9985], "texture": "#0"},
				"south": {"uv": [10.74975, 9.49975, 15.997, 15.997], "texture": "#0"},
				"west": {"uv": [10.74975, 9.499, 15.747, 15.99775], "texture": "#0"},
				"up": {"uv": [10.74975, 9.49975, 15.9985, 15.9985], "texture": "#0"},
				"down": {"uv": [10.74975, 9.49975, 15.9985, 15.9985], "texture": "#0"}
			}
		},
		{
			"name": "3",
			"from": [1.65, 0.075, 8.125],
			"to": [8.825, 0.225, 8.175],
			"rotation": {"angle": 0, "axis": "y", "origin": [15.825, 8.075, 16.125]},
			"faces": {
				"north": {"uv": [10.74975, 9.49975, 15.99775, 15.9985], "texture": "#0"},
				"east": {"uv": [10.74975, 9.49975, 15.99775, 15.9985], "texture": "#0"},
				"south": {"uv": [10.74975, 9.49975, 15.997, 15.997], "texture": "#0"},
				"west": {"uv": [10.74975, 9.499, 15.747, 15.99775], "texture": "#0"},
				"up": {"uv": [10.74975, 9.49975, 15.9985, 15.9985], "texture": "#0"},
				"down": {"uv": [10.74975, 9.49975, 15.9985, 15.9985], "texture": "#0"}
			}
		},
		{
			"name": "3",
			"from": [1.65, 0, 7.925],
			"to": [8.825, 0.1, 7.975],
			"rotation": {"angle": 0, "axis": "y", "origin": [15.825, 8, 15.925]},
			"faces": {
				"north": {"uv": [10.74975, 9.49975, 15.99775, 15.9985], "texture": "#0"},
				"east": {"uv": [10.74975, 9.49975, 15.99775, 15.9985], "texture": "#0"},
				"south": {"uv": [10.74975, 9.49975, 15.997, 15.997], "texture": "#0"},
				"west": {"uv": [10.74975, 9.499, 15.747, 15.99775], "texture": "#0"},
				"up": {"uv": [10.74975, 9.49975, 15.9985, 15.9985], "texture": "#0"},
				"down": {"uv": [10.74975, 9.49975, 15.9985, 15.9985], "texture": "#0"}
			}
		},
		{
			"name": "3",
			"from": [1.65, 0.2, 8.125],
			"to": [8.825, 0.35, 8.175],
			"rotation": {"angle": 0, "axis": "y", "origin": [15.825, 8.2, 16.125]},
			"faces": {
				"north": {"uv": [10.74975, 9.49975, 15.99775, 15.9985], "texture": "#0"},
				"east": {"uv": [10.74975, 9.49975, 15.99775, 15.9985], "texture": "#0"},
				"south": {"uv": [10.74975, 9.49975, 15.997, 15.997], "texture": "#0"},
				"west": {"uv": [10.74975, 9.499, 15.747, 15.99775], "texture": "#0"},
				"up": {"uv": [10.74975, 9.49975, 15.9985, 15.9985], "texture": "#0"},
				"down": {"uv": [10.74975, 9.49975, 15.9985, 15.9985], "texture": "#0"}
			}
		},
		{
			"name": "3",
			"from": [1.65, 0.2, 7.825],
			"to": [8.825, 0.35, 7.875],
			"rotation": {"angle": 0, "axis": "y", "origin": [15.825, 8.2, 15.825]},
			"faces": {
				"north": {"uv": [10.74975, 9.49975, 15.99775, 15.9985], "texture": "#0"},
				"east": {"uv": [10.74975, 9.49975, 15.99775, 15.9985], "texture": "#0"},
				"south": {"uv": [10.74975, 9.49975, 15.997, 15.997], "texture": "#0"},
				"west": {"uv": [10.74975, 9.499, 15.747, 15.99775], "texture": "#0"},
				"up": {"uv": [10.74975, 9.49975, 15.9985, 15.9985], "texture": "#0"},
				"down": {"uv": [10.74975, 9.49975, 15.9985, 15.9985], "texture": "#0"}
			}
		},
		{
			"name": "3",
			"from": [1.65, 0.15, 8.175],
			"to": [8.825, 0.3, 8.225],
			"rotation": {"angle": 0, "axis": "y", "origin": [15.825, 8.15, 16.175]},
			"faces": {
				"north": {"uv": [10.74975, 9.49975, 15.99775, 15.9985], "texture": "#0"},
				"east": {"uv": [10.74975, 9.49975, 15.99775, 15.9985], "texture": "#0"},
				"south": {"uv": [10.74975, 9.49975, 15.997, 15.997], "texture": "#0"},
				"west": {"uv": [10.74975, 9.499, 15.747, 15.99775], "texture": "#0"},
				"up": {"uv": [10.74975, 9.49975, 15.9985, 15.9985], "texture": "#0"},
				"down": {"uv": [10.74975, 9.49975, 15.9985, 15.9985], "texture": "#0"}
			}
		}
	],
	"gui_light": "front",
	"display": {
		"thirdperson_righthand": {
			"rotation": [5, 90, 106],
			"translation": [0.75, 1.5, 14.75],
			"scale": [0.97, 1.57, 1.51]
		},
		"thirdperson_lefthand": {
			"rotation": [3, -91, -103],
			"translation": [0, 2.5, 14.25],
			"scale": [0.95, 1.51, 1.54]
		},
		"firstperson_righthand": {
			"rotation": [133, 86, -71],
			"translation": [0, 9, 15],
			"scale": [1, 1.54, 1.54]
		},
		"firstperson_lefthand": {
			"rotation": [-6, 59, -120],
			"translation": [5.25, -2, -3.5],
			"scale": [1, 1.54, 1.54]
		},
		"ground": {
			"rotation": [16, 17, 78],
			"translation": [-5.25, 1.5, 3.25],
			"scale": [0.43, 1.67, 1.61]
		},
		"gui": {
			"rotation": [-20, -16, 40],
			"translation": [-8.25, 8, 0],
			"scale": [0.61, 1.57, 1.61]
		},
		"head": {
			"translation": [-6.25, -15.25, -7]
		},
		"fixed": {
			"rotation": [5, 7, 39],
			"translation": [-7.5, 10.75, 1.5],
			"scale": [0.45, 1.67, 1.57]
		}
	},
	"groups": [0,
		{
			"name": "1",
			"origin": [23, 8, 16],
			"children": [1, 2, 3, 4, 5, 6, 7, 8, 9, 10, 11, 12, 13, 14, 15, 16]
		},
		{
			"name": "2",
			"origin": [6.425, 8.15, 16.175],
			"children": [17, 18, 19, 20, 21, 22, 23, 24, 25, 26, 27, 28, 29, 30, 31, 32]
		},
		{
			"name": "3",
			"origin": [6.425, 8.15, 16.175],
			"children": [33, 34, 35, 36, 37, 38, 39, 40, 41, 42, 43, 44, 45, 46, 47, 48]
		}
	]
}